word_key,syllables,phoneme_hint,grapheme_notes,stress_pattern,has_schwa,morphemes,morphology_notes,irregularity_notes,source_category,source_name,source_url,source_licence,source_use_note,confidence,review_status
dying_en_gb,2,/dˈaɪɪŋ/,,primary-unstressed,FALSE,{(die)},Reviewed inflection analysis supported by MorphoLex-en lexical evidence.,,internal_authored,Approved -ing spelling words sheet,local:ing_spelling_words.csv,internal/project-authored,"Approved word, child-friendly definition, dictation, pronunciation, and inflection analysis supplied or approved by the content owner.",high,approved_for_first_exposure
lying_en_gb,2,/lˈaɪɪŋ/,,primary-unstressed,FALSE,{(lie)},Reviewed inflection analysis supported by MorphoLex-en lexical evidence.,,internal_authored,Approved -ing spelling words sheet,local:ing_spelling_words.csv,internal/project-authored,"Approved word, child-friendly definition, dictation, pronunciation, and inflection analysis supplied or approved by the content owner.",high,approved_for_first_exposure
tying_en_gb,2,/tˈaɪɪŋ/,,primary-unstressed,FALSE,{(tie)},Reviewed inflection analysis supported by MorphoLex-en lexical evidence.,,internal_authored,Approved -ing spelling words sheet,local:ing_spelling_words.csv,internal/project-authored,"Approved word, child-friendly definition, dictation, pronunciation, and inflection analysis supplied or approved by the content owner.",high,approved_for_first_exposure
vying_en_gb,2,/vˈaɪɪŋ/,,primary-unstressed,FALSE,{(vie)},Reviewed inflection analysis supported by MorphoLex-en lexical evidence.,,internal_authored,Approved -ing spelling words sheet,local:ing_spelling_words.csv,internal/project-authored,"Approved word, child-friendly definition, dictation, pronunciation, and inflection analysis supplied or approved by the content owner.",high,approved_for_first_exposure
untying_en_gb,2,/ʌntˈaɪɪŋ/,,unstressed-primary,FALSE,,Reviewed inflection analysis supported by MorphoLex-en lexical evidence.,,internal_authored,Approved -ing spelling words sheet,local:ing_spelling_words.csv,internal/project-authored,"Approved word, child-friendly definition, dictation, pronunciation, and inflection analysis supplied or approved by the content owner.",high,approved_for_first_exposure
retying_en_gb,3,/rˌiːtˈaɪɪŋ/,,secondary-primary-unstressed,FALSE,,Reviewed inflection analysis supported by MorphoLex-en lexical evidence.,,internal_authored,Approved -ing spelling words sheet,local:ing_spelling_words.csv,internal/project-authored,"Approved word, child-friendly definition, dictation, pronunciation, and inflection analysis supplied or approved by the content owner.",high,approved_for_first_exposure
belying_en_gb,3,/bɪlˈaɪɪŋ/,,unstressed-primary-unstressed,FALSE,<be<{(lie)},Reviewed inflection analysis supported by MorphoLex-en lexical evidence.,,internal_authored,Approved -ing spelling words sheet,local:ing_spelling_words.csv,internal/project-authored,"Approved word, child-friendly definition, dictation, pronunciation, and inflection analysis supplied or approved by the content owner.",high,approved_for_first_exposure
overlying_en_gb,4,/ˌəʊvəlˈaɪɪŋ/,,secondary-unstressed-primary-unstressed,TRUE,<over<{(lie)},Reviewed inflection analysis supported by MorphoLex-en lexical evidence.,,internal_authored,Approved -ing spelling words sheet,local:ing_spelling_words.csv,internal/project-authored,"Approved word, child-friendly definition, dictation, pronunciation, and inflection analysis supplied or approved by the content owner.",high,approved_for_first_exposure
underlying_en_gb,4,/ˌʌndəlˈaɪɪŋ/,,secondary-unstressed-primary-unstressed,TRUE,<under<{(lie)},Reviewed inflection analysis supported by MorphoLex-en lexical evidence.,,internal_authored,Approved -ing spelling words sheet,local:ing_spelling_words.csv,internal/project-authored,"Approved word, child-friendly definition, dictation, pronunciation, and inflection analysis supplied or approved by the content owner.",high,approved_for_first_exposure
running_en_gb,2,/ɹˈʌnɪŋ/,,primary-unstressed,FALSE,{(run)},Reviewed inflection analysis supported by MorphoLex-en lexical evidence.,,internal_authored,Approved -ing spelling words sheet,local:ing_spelling_words.csv,internal/project-authored,"Approved word, child-friendly definition, dictation, pronunciation, and inflection analysis supplied or approved by the content owner.",high,approved_for_first_exposure
swimming_en_gb,2,/swˈɪmɪŋ/,,primary-unstressed,FALSE,{(swim)},Reviewed inflection analysis supported by MorphoLex-en lexical evidence.,,internal_authored,Approved -ing spelling words sheet,local:ing_spelling_words.csv,internal/project-authored,"Approved word, child-friendly definition, dictation, pronunciation, and inflection analysis supplied or approved by the content owner.",high,approved_for_first_exposure
sitting_en_gb,2,/sˈɪtɪŋ/,,primary-unstressed,FALSE,{(sit)},Reviewed inflection analysis supported by MorphoLex-en lexical evidence.,,internal_authored,Approved -ing spelling words sheet,local:ing_spelling_words.csv,internal/project-authored,"Approved word, child-friendly definition, dictation, pronunciation, and inflection analysis supplied or approved by the content owner.",high,approved_for_first_exposure
getting_en_gb,2,/ɡˈɛtɪŋ/,,primary-unstressed,FALSE,{(get)},Reviewed inflection analysis supported by MorphoLex-en lexical evidence.,,internal_authored,Approved -ing spelling words sheet,local:ing_spelling_words.csv,internal/project-authored,"Approved word, child-friendly definition, dictation, pronunciation, and inflection analysis supplied or approved by the content owner.",high,approved_for_first_exposure
putting_en_gb,2,/pˈʊtɪŋ/,,primary-unstressed,FALSE,{(put)},Reviewed inflection analysis supported by MorphoLex-en lexical evidence.,,internal_authored,Approved -ing spelling words sheet,local:ing_spelling_words.csv,internal/project-authored,"Approved word, child-friendly definition, dictation, pronunciation, and inflection analysis supplied or approved by the content owner.",high,approved_for_first_exposure
cutting_en_gb,2,/kˈʌtɪŋ/,,primary-unstressed,FALSE,{(cut)},Reviewed inflection analysis supported by MorphoLex-en lexical evidence.,,internal_authored,Approved -ing spelling words sheet,local:ing_spelling_words.csv,internal/project-authored,"Approved word, child-friendly definition, dictation, pronunciation, and inflection analysis supplied or approved by the content owner.",high,approved_for_first_exposure
hitting_en_gb,2,/hˈɪtɪŋ/,,primary-unstressed,FALSE,{(hit)},Reviewed inflection analysis supported by MorphoLex-en lexical evidence.,,internal_authored,Approved -ing spelling words sheet,local:ing_spelling_words.csv,internal/project-authored,"Approved word, child-friendly definition, dictation, pronunciation, and inflection analysis supplied or approved by the content owner.",high,approved_for_first_exposure
winning_en_gb,2,/wˈɪnɪŋ/,,primary-unstressed,FALSE,{(win)},Reviewed inflection analysis supported by MorphoLex-en lexical evidence.,,internal_authored,Approved -ing spelling words sheet,local:ing_spelling_words.csv,internal/project-authored,"Approved word, child-friendly definition, dictation, pronunciation, and inflection analysis supplied or approved by the content owner.",high,approved_for_first_exposure
clapping_en_gb,2,/klˈæpɪŋ/,,primary-unstressed,FALSE,{(clap)},Reviewed inflection analysis supported by MorphoLex-en lexical evidence.,,internal_authored,Approved -ing spelling words sheet,local:ing_spelling_words.csv,internal/project-authored,"Approved word, child-friendly definition, dictation, pronunciation, and inflection analysis supplied or approved by the content owner.",high,approved_for_first_exposure
skipping_en_gb,2,/skˈɪpɪŋ/,,primary-unstressed,FALSE,{(skip)},Reviewed inflection analysis supported by MorphoLex-en lexical evidence.,,internal_authored,Approved -ing spelling words sheet,local:ing_spelling_words.csv,internal/project-authored,"Approved word, child-friendly definition, dictation, pronunciation, and inflection analysis supplied or approved by the content owner.",high,approved_for_first_exposure
hopping_en_gb,2,/hˈɒpɪŋ/,,primary-unstressed,FALSE,{(hop)},Reviewed inflection analysis supported by MorphoLex-en lexical evidence.,,internal_authored,Approved -ing spelling words sheet,local:ing_spelling_words.csv,internal/project-authored,"Approved word, child-friendly definition, dictation, pronunciation, and inflection analysis supplied or approved by the content owner.",high,approved_for_first_exposure
chatting_en_gb,2,/tʃˈætɪŋ/,,primary-unstressed,FALSE,{(chat)},Reviewed inflection analysis supported by MorphoLex-en lexical evidence.,,internal_authored,Approved -ing spelling words sheet,local:ing_spelling_words.csv,internal/project-authored,"Approved word, child-friendly definition, dictation, pronunciation, and inflection analysis supplied or approved by the content owner.",high,approved_for_first_exposure
grabbing_en_gb,2,/ɡɹˈæbɪŋ/,,primary-unstressed,FALSE,{(grab)},Reviewed inflection analysis supported by MorphoLex-en lexical evidence.,,internal_authored,Approved -ing spelling words sheet,local:ing_spelling_words.csv,internal/project-authored,"Approved word, child-friendly definition, dictation, pronunciation, and inflection analysis supplied or approved by the content owner.",high,approved_for_first_exposure
slipping_en_gb,2,/slˈɪpɪŋ/,,primary-unstressed,FALSE,{(slip)},Reviewed inflection analysis supported by MorphoLex-en lexical evidence.,,internal_authored,Approved -ing spelling words sheet,local:ing_spelling_words.csv,internal/project-authored,"Approved word, child-friendly definition, dictation, pronunciation, and inflection analysis supplied or approved by the content owner.",high,approved_for_first_exposure
stopping_en_gb,2,/stˈɒpɪŋ/,,primary-unstressed,FALSE,{(stop)},Reviewed inflection analysis supported by MorphoLex-en lexical evidence.,,internal_authored,Approved -ing spelling words sheet,local:ing_spelling_words.csv,internal/project-authored,"Approved word, child-friendly definition, dictation, pronunciation, and inflection analysis supplied or approved by the content owner.",high,approved_for_first_exposure
tapping_en_gb,2,/tˈæpɪŋ/,,primary-unstressed,FALSE,{(tap)},Reviewed inflection analysis supported by MorphoLex-en lexical evidence.,,internal_authored,Approved -ing spelling words sheet,local:ing_spelling_words.csv,internal/project-authored,"Approved word, child-friendly definition, dictation, pronunciation, and inflection analysis supplied or approved by the content owner.",high,approved_for_first_exposure
drumming_en_gb,2,/dɹˈʌmɪŋ/,,primary-unstressed,FALSE,{(drum)},Reviewed inflection analysis supported by MorphoLex-en lexical evidence.,,internal_authored,Approved -ing spelling words sheet,local:ing_spelling_words.csv,internal/project-authored,"Approved word, child-friendly definition, dictation, pronunciation, and inflection analysis supplied or approved by the content owner.",high,approved_for_first_exposure
jogging_en_gb,2,/dʒˈɒɡɪŋ/,,primary-unstressed,FALSE,{(jog)},Reviewed inflection analysis supported by MorphoLex-en lexical evidence.,,internal_authored,Approved -ing spelling words sheet,local:ing_spelling_words.csv,internal/project-authored,"Approved word, child-friendly definition, dictation, pronunciation, and inflection analysis supplied or approved by the content owner.",high,approved_for_first_exposure
spinning_en_gb,2,/spˈɪnɪŋ/,,primary-unstressed,FALSE,{(spin)},Reviewed inflection analysis supported by MorphoLex-en lexical evidence.,,internal_authored,Approved -ing spelling words sheet,local:ing_spelling_words.csv,internal/project-authored,"Approved word, child-friendly definition, dictation, pronunciation, and inflection analysis supplied or approved by the content owner.",high,approved_for_first_exposure
travelling_en_gb,3,/tɹˈævəlɪŋ/,,primary-unstressed-unstressed,TRUE,{(travel)},Reviewed inflection analysis supported by MorphoLex-en lexical evidence.,,internal_authored,Approved -ing spelling words sheet,local:ing_spelling_words.csv,internal/project-authored,"Approved word, child-friendly definition, dictation, pronunciation, and inflection analysis supplied or approved by the content owner.",high,approved_for_first_exposure
making_en_gb,2,/mˈeɪkɪŋ/,,primary-unstressed,FALSE,{(make)},Reviewed inflection analysis supported by MorphoLex-en lexical evidence.,,internal_authored,Approved -ing spelling words sheet,local:ing_spelling_words.csv,internal/project-authored,"Approved word, child-friendly definition, dictation, pronunciation, and inflection analysis supplied or approved by the content owner.",high,approved_for_first_exposure
writing_en_gb,2,/ɹˈaɪtɪŋ/,,primary-unstressed,FALSE,{(write)},Reviewed inflection analysis supported by MorphoLex-en lexical evidence.,,internal_authored,Approved -ing spelling words sheet,local:ing_spelling_words.csv,internal/project-authored,"Approved word, child-friendly definition, dictation, pronunciation, and inflection analysis supplied or approved by the content owner.",high,approved_for_first_exposure
riding_en_gb,2,/ɹˈaɪdɪŋ/,,primary-unstressed,FALSE,{(ride)},Reviewed inflection analysis supported by MorphoLex-en lexical evidence.,,internal_authored,Approved -ing spelling words sheet,local:ing_spelling_words.csv,internal/project-authored,"Approved word, child-friendly definition, dictation, pronunciation, and inflection analysis supplied or approved by the content owner.",high,approved_for_first_exposure
hoping_en_gb,2,/hˈəʊpɪŋ/,,primary-unstressed,FALSE,{(hope)},Reviewed inflection analysis supported by MorphoLex-en lexical evidence.,,internal_authored,Approved -ing spelling words sheet,local:ing_spelling_words.csv,internal/project-authored,"Approved word, child-friendly definition, dictation, pronunciation, and inflection analysis supplied or approved by the content owner.",high,approved_for_first_exposure
smiling_en_gb,2,/smˈaɪlɪŋ/,,primary-unstressed,FALSE,{(smile)},Reviewed inflection analysis supported by MorphoLex-en lexical evidence.,,internal_authored,Approved -ing spelling words sheet,local:ing_spelling_words.csv,internal/project-authored,"Approved word, child-friendly definition, dictation, pronunciation, and inflection analysis supplied or approved by the content owner.",high,approved_for_first_exposure
shining_en_gb,2,/ʃˈaɪnɪŋ/,,primary-unstressed,FALSE,{(shine)},Reviewed inflection analysis supported by MorphoLex-en lexical evidence.,,internal_authored,Approved -ing spelling words sheet,local:ing_spelling_words.csv,internal/project-authored,"Approved word, child-friendly definition, dictation, pronunciation, and inflection analysis supplied or approved by the content owner.",high,approved_for_first_exposure
using_en_gb,2,/jˈuːzɪŋ/,,primary-unstressed,FALSE,{(use)},Reviewed inflection analysis supported by MorphoLex-en lexical evidence.,,internal_authored,Approved -ing spelling words sheet,local:ing_spelling_words.csv,internal/project-authored,"Approved word, child-friendly definition, dictation, pronunciation, and inflection analysis supplied or approved by the content owner.",high,approved_for_first_exposure
coming_en_gb,2,/kˈʌmɪŋ/,,primary-unstressed,FALSE,{(come)},Reviewed inflection analysis supported by MorphoLex-en lexical evidence.,,internal_authored,Approved -ing spelling words sheet,local:ing_spelling_words.csv,internal/project-authored,"Approved word, child-friendly definition, dictation, pronunciation, and inflection analysis supplied or approved by the content owner.",high,approved_for_first_exposure
taking_en_gb,2,/tˈeɪkɪŋ/,,primary-unstressed,FALSE,{(take)},Reviewed inflection analysis supported by MorphoLex-en lexical evidence.,,internal_authored,Approved -ing spelling words sheet,local:ing_spelling_words.csv,internal/project-authored,"Approved word, child-friendly definition, dictation, pronunciation, and inflection analysis supplied or approved by the content owner.",high,approved_for_first_exposure
saving_en_gb,2,/sˈeɪvɪŋ/,,primary-unstressed,FALSE,{(save)},Reviewed inflection analysis supported by MorphoLex-en lexical evidence.,,internal_authored,Approved -ing spelling words sheet,local:ing_spelling_words.csv,internal/project-authored,"Approved word, child-friendly definition, dictation, pronunciation, and inflection analysis supplied or approved by the content owner.",high,approved_for_first_exposure
closing_en_gb,2,/klˈəʊzɪŋ/,,primary-unstressed,FALSE,{(close)},Reviewed inflection analysis supported by MorphoLex-en lexical evidence.,,internal_authored,Approved -ing spelling words sheet,local:ing_spelling_words.csv,internal/project-authored,"Approved word, child-friendly definition, dictation, pronunciation, and inflection analysis supplied or approved by the content owner.",high,approved_for_first_exposure
playing_en_gb,2,/plˈeɪɪŋ/,,primary-unstressed,FALSE,{(play)},Reviewed inflection analysis supported by MorphoLex-en lexical evidence.,,internal_authored,Approved -ing spelling words sheet,local:ing_spelling_words.csv,internal/project-authored,"Approved word, child-friendly definition, dictation, pronunciation, and inflection analysis supplied or approved by the content owner.",high,approved_for_first_exposure
reading_en_gb,2,/rˈiːdɪŋ/,,primary-unstressed,FALSE,{(read)},Reviewed inflection analysis supported by MorphoLex-en lexical evidence.,,internal_authored,Approved -ing spelling words sheet,local:ing_spelling_words.csv,internal/project-authored,"Approved word, child-friendly definition, dictation, pronunciation, and inflection analysis supplied or approved by the content owner.",high,approved_for_first_exposure
jumping_en_gb,2,/dʒˈʌmpɪŋ/,,primary-unstressed,FALSE,{(jump)},Reviewed inflection analysis supported by MorphoLex-en lexical evidence.,,internal_authored,Approved -ing spelling words sheet,local:ing_spelling_words.csv,internal/project-authored,"Approved word, child-friendly definition, dictation, pronunciation, and inflection analysis supplied or approved by the content owner.",high,approved_for_first_exposure
helping_en_gb,2,/hˈɛlpɪŋ/,,primary-unstressed,FALSE,{(help)},Reviewed inflection analysis supported by MorphoLex-en lexical evidence.,,internal_authored,Approved -ing spelling words sheet,local:ing_spelling_words.csv,internal/project-authored,"Approved word, child-friendly definition, dictation, pronunciation, and inflection analysis supplied or approved by the content owner.",high,approved_for_first_exposure
looking_en_gb,2,/lˈʊkɪŋ/,,primary-unstressed,FALSE,{(look)},Reviewed inflection analysis supported by MorphoLex-en lexical evidence.,,internal_authored,Approved -ing spelling words sheet,local:ing_spelling_words.csv,internal/project-authored,"Approved word, child-friendly definition, dictation, pronunciation, and inflection analysis supplied or approved by the content owner.",high,approved_for_first_exposure
singing_en_gb,2,/sˈɪŋɪŋ/,,primary-unstressed,FALSE,{(sing)},Reviewed inflection analysis supported by MorphoLex-en lexical evidence.,,internal_authored,Approved -ing spelling words sheet,local:ing_spelling_words.csv,internal/project-authored,"Approved word, child-friendly definition, dictation, pronunciation, and inflection analysis supplied or approved by the content owner.",high,approved_for_first_exposure
washing_en_gb,2,/wˈɒʃɪŋ/,,primary-unstressed,FALSE,{(wash)},Reviewed inflection analysis supported by MorphoLex-en lexical evidence.,,internal_authored,Approved -ing spelling words sheet,local:ing_spelling_words.csv,internal/project-authored,"Approved word, child-friendly definition, dictation, pronunciation, and inflection analysis supplied or approved by the content owner.",high,approved_for_first_exposure
opening_en_gb,3,/ˈəʊpənɪŋ/,,primary-unstressed-unstressed,TRUE,{(open)},Reviewed inflection analysis supported by MorphoLex-en lexical evidence.,,internal_authored,Approved -ing spelling words sheet,local:ing_spelling_words.csv,internal/project-authored,"Approved word, child-friendly definition, dictation, pronunciation, and inflection analysis supplied or approved by the content owner.",high,approved_for_first_exposure
asking_en_gb,2,/ˈɑːskɪŋ/,,primary-unstressed,FALSE,{(ask)},Reviewed inflection analysis supported by MorphoLex-en lexical evidence.,,internal_authored,Approved -ing spelling words sheet,local:ing_spelling_words.csv,internal/project-authored,"Approved word, child-friendly definition, dictation, pronunciation, and inflection analysis supplied or approved by the content owner.",high,approved_for_first_exposure
working_en_gb,2,/wˈɜːkɪŋ/,,primary-unstressed,FALSE,{(work)},Reviewed inflection analysis supported by MorphoLex-en lexical evidence.,,internal_authored,Approved -ing spelling words sheet,local:ing_spelling_words.csv,internal/project-authored,"Approved word, child-friendly definition, dictation, pronunciation, and inflection analysis supplied or approved by the content owner.",high,approved_for_first_exposure
