word_key,raw_morpholex_segmentation,raw_morpholex_pos,morphology_parts,feature_keys,morphology_joins,transformation_notes,word_sum,analysis_status,source_category,source_name,source_url,source_licence,source_use_note,confidence,review_status,reviewed_by,reviewed_at,review_notes
dying_en_gb,{(die)},VB|NN,"[{""text"": ""die"", ""type"": ""base""}, {""text"": ""ing"", ""type"": ""suffix""}]","[""BASE"", ""SUFFIX""]","[""plus""]","Change ie to y, then add -ing.",die + ing → dying,approved,open_licensed,MorphoLex-en and approved -ing spelling words sheet,https://github.com/hugomailhot/MorphoLex-en,CC BY-NC-SA 4.0; internal/project-authored,MorphoLex is source evidence. The content owner approved the child-facing word sum and rule.,high,approved_for_first_exposure,Katie Sanderson,2026-10-03T00:00:00Z,Content-owner approved.
lying_en_gb,{(lie)},VB|NN,"[{""text"": ""lie"", ""type"": ""base""}, {""text"": ""ing"", ""type"": ""suffix""}]","[""BASE"", ""SUFFIX""]","[""plus""]","Change ie to y, then add -ing.",lie + ing → lying,approved,open_licensed,MorphoLex-en and approved -ing spelling words sheet,https://github.com/hugomailhot/MorphoLex-en,CC BY-NC-SA 4.0; internal/project-authored,MorphoLex is source evidence. The content owner approved the child-facing word sum and rule.,high,approved_for_first_exposure,Katie Sanderson,2026-10-03T00:00:00Z,Content-owner approved.
tying_en_gb,{(tie)},VB,"[{""text"": ""tie"", ""type"": ""base""}, {""text"": ""ing"", ""type"": ""suffix""}]","[""BASE"", ""SUFFIX""]","[""plus""]","Change ie to y, then add -ing.",tie + ing → tying,approved,open_licensed,MorphoLex-en and approved -ing spelling words sheet,https://github.com/hugomailhot/MorphoLex-en,CC BY-NC-SA 4.0; internal/project-authored,MorphoLex is source evidence. The content owner approved the child-facing word sum and rule.,high,approved_for_first_exposure,Katie Sanderson,2026-10-03T00:00:00Z,Content-owner approved.
vying_en_gb,{(vie)},VB,"[{""text"": ""vie"", ""type"": ""base""}, {""text"": ""ing"", ""type"": ""suffix""}]","[""BASE"", ""SUFFIX""]","[""plus""]","Change ie to y, then add -ing.",vie + ing → vying,approved,open_licensed,MorphoLex-en and approved -ing spelling words sheet,https://github.com/hugomailhot/MorphoLex-en,CC BY-NC-SA 4.0; internal/project-authored,MorphoLex is source evidence. The content owner approved the child-facing word sum and rule.,high,approved_for_first_exposure,Katie Sanderson,2026-10-03T00:00:00Z,Content-owner approved.
untying_en_gb,,,"[{""text"": ""untie"", ""type"": ""base""}, {""text"": ""ing"", ""type"": ""suffix""}]","[""BASE"", ""SUFFIX""]","[""plus""]","Change ie to y, then add -ing.",untie + ing → untying,approved,open_licensed,MorphoLex-en and approved -ing spelling words sheet,https://github.com/hugomailhot/MorphoLex-en,CC BY-NC-SA 4.0; internal/project-authored,MorphoLex is source evidence. The content owner approved the child-facing word sum and rule.,high,approved_for_first_exposure,Katie Sanderson,2026-10-03T00:00:00Z,Content-owner approved.
retying_en_gb,,,"[{""text"": ""retie"", ""type"": ""base""}, {""text"": ""ing"", ""type"": ""suffix""}]","[""BASE"", ""SUFFIX""]","[""plus""]","Change ie to y, then add -ing.",retie + ing → retying,approved,open_licensed,MorphoLex-en and approved -ing spelling words sheet,https://github.com/hugomailhot/MorphoLex-en,CC BY-NC-SA 4.0; internal/project-authored,MorphoLex is source evidence. The content owner approved the child-facing word sum and rule.,high,approved_for_first_exposure,Katie Sanderson,2026-10-03T00:00:00Z,Content-owner approved.
belying_en_gb,<be<{(lie)},VB|NN,"[{""text"": ""belie"", ""type"": ""base""}, {""text"": ""ing"", ""type"": ""suffix""}]","[""BASE"", ""SUFFIX""]","[""plus""]","Change ie to y, then add -ing.",belie + ing → belying,approved,open_licensed,MorphoLex-en and approved -ing spelling words sheet,https://github.com/hugomailhot/MorphoLex-en,CC BY-NC-SA 4.0; internal/project-authored,MorphoLex is source evidence. The content owner approved the child-facing word sum and rule.,high,approved_for_first_exposure,Katie Sanderson,2026-10-03T00:00:00Z,Content-owner approved.
overlying_en_gb,<over<{(lie)},JJ,"[{""text"": ""overlie"", ""type"": ""base""}, {""text"": ""ing"", ""type"": ""suffix""}]","[""BASE"", ""SUFFIX""]","[""plus""]","Change ie to y, then add -ing.",overlie + ing → overlying,approved,open_licensed,MorphoLex-en and approved -ing spelling words sheet,https://github.com/hugomailhot/MorphoLex-en,CC BY-NC-SA 4.0; internal/project-authored,MorphoLex is source evidence. The content owner approved the child-facing word sum and rule.,high,approved_for_first_exposure,Katie Sanderson,2026-10-03T00:00:00Z,Content-owner approved.
underlying_en_gb,<under<{(lie)},VB,"[{""text"": ""underlie"", ""type"": ""base""}, {""text"": ""ing"", ""type"": ""suffix""}]","[""BASE"", ""SUFFIX""]","[""plus""]","Change ie to y, then add -ing.",underlie + ing → underlying,approved,open_licensed,MorphoLex-en and approved -ing spelling words sheet,https://github.com/hugomailhot/MorphoLex-en,CC BY-NC-SA 4.0; internal/project-authored,MorphoLex is source evidence. The content owner approved the child-facing word sum and rule.,high,approved_for_first_exposure,Katie Sanderson,2026-10-03T00:00:00Z,Content-owner approved.
running_en_gb,{(run)},VB|NN,"[{""text"": ""run"", ""type"": ""base""}, {""text"": ""ing"", ""type"": ""suffix""}]","[""BASE"", ""SUFFIX""]","[""plus""]","Double the final consonant, then add -ing.",run + ing → running,approved,open_licensed,MorphoLex-en and approved -ing spelling words sheet,https://github.com/hugomailhot/MorphoLex-en,CC BY-NC-SA 4.0; internal/project-authored,MorphoLex is source evidence. The content owner approved the child-facing word sum and rule.,high,approved_for_first_exposure,Katie Sanderson,2026-10-03T00:00:00Z,Content-owner approved.
swimming_en_gb,{(swim)},VB|NN,"[{""text"": ""swim"", ""type"": ""base""}, {""text"": ""ing"", ""type"": ""suffix""}]","[""BASE"", ""SUFFIX""]","[""plus""]","Double the final consonant, then add -ing.",swim + ing → swimming,approved,open_licensed,MorphoLex-en and approved -ing spelling words sheet,https://github.com/hugomailhot/MorphoLex-en,CC BY-NC-SA 4.0; internal/project-authored,MorphoLex is source evidence. The content owner approved the child-facing word sum and rule.,high,approved_for_first_exposure,Katie Sanderson,2026-10-03T00:00:00Z,Content-owner approved.
sitting_en_gb,{(sit)},VB|NN,"[{""text"": ""sit"", ""type"": ""base""}, {""text"": ""ing"", ""type"": ""suffix""}]","[""BASE"", ""SUFFIX""]","[""plus""]","Double the final consonant, then add -ing.",sit + ing → sitting,approved,open_licensed,MorphoLex-en and approved -ing spelling words sheet,https://github.com/hugomailhot/MorphoLex-en,CC BY-NC-SA 4.0; internal/project-authored,MorphoLex is source evidence. The content owner approved the child-facing word sum and rule.,high,approved_for_first_exposure,Katie Sanderson,2026-10-03T00:00:00Z,Content-owner approved.
getting_en_gb,{(get)},VB|NN,"[{""text"": ""get"", ""type"": ""base""}, {""text"": ""ing"", ""type"": ""suffix""}]","[""BASE"", ""SUFFIX""]","[""plus""]","Double the final consonant, then add -ing.",get + ing → getting,approved,open_licensed,MorphoLex-en and approved -ing spelling words sheet,https://github.com/hugomailhot/MorphoLex-en,CC BY-NC-SA 4.0; internal/project-authored,MorphoLex is source evidence. The content owner approved the child-facing word sum and rule.,high,approved_for_first_exposure,Katie Sanderson,2026-10-03T00:00:00Z,Content-owner approved.
putting_en_gb,{(put)},VB|NN,"[{""text"": ""put"", ""type"": ""base""}, {""text"": ""ing"", ""type"": ""suffix""}]","[""BASE"", ""SUFFIX""]","[""plus""]","Double the final consonant, then add -ing.",put + ing → putting,approved,open_licensed,MorphoLex-en and approved -ing spelling words sheet,https://github.com/hugomailhot/MorphoLex-en,CC BY-NC-SA 4.0; internal/project-authored,MorphoLex is source evidence. The content owner approved the child-facing word sum and rule.,high,approved_for_first_exposure,Katie Sanderson,2026-10-03T00:00:00Z,Content-owner approved.
cutting_en_gb,{(cut)},VB|NN,"[{""text"": ""cut"", ""type"": ""base""}, {""text"": ""ing"", ""type"": ""suffix""}]","[""BASE"", ""SUFFIX""]","[""plus""]","Double the final consonant, then add -ing.",cut + ing → cutting,approved,open_licensed,MorphoLex-en and approved -ing spelling words sheet,https://github.com/hugomailhot/MorphoLex-en,CC BY-NC-SA 4.0; internal/project-authored,MorphoLex is source evidence. The content owner approved the child-facing word sum and rule.,high,approved_for_first_exposure,Katie Sanderson,2026-10-03T00:00:00Z,Content-owner approved.
hitting_en_gb,{(hit)},VB|NN,"[{""text"": ""hit"", ""type"": ""base""}, {""text"": ""ing"", ""type"": ""suffix""}]","[""BASE"", ""SUFFIX""]","[""plus""]","Double the final consonant, then add -ing.",hit + ing → hitting,approved,open_licensed,MorphoLex-en and approved -ing spelling words sheet,https://github.com/hugomailhot/MorphoLex-en,CC BY-NC-SA 4.0; internal/project-authored,MorphoLex is source evidence. The content owner approved the child-facing word sum and rule.,high,approved_for_first_exposure,Katie Sanderson,2026-10-03T00:00:00Z,Content-owner approved.
winning_en_gb,{(win)},VB|NN,"[{""text"": ""win"", ""type"": ""base""}, {""text"": ""ing"", ""type"": ""suffix""}]","[""BASE"", ""SUFFIX""]","[""plus""]","Double the final consonant, then add -ing.",win + ing → winning,approved,open_licensed,MorphoLex-en and approved -ing spelling words sheet,https://github.com/hugomailhot/MorphoLex-en,CC BY-NC-SA 4.0; internal/project-authored,MorphoLex is source evidence. The content owner approved the child-facing word sum and rule.,high,approved_for_first_exposure,Katie Sanderson,2026-10-03T00:00:00Z,Content-owner approved.
clapping_en_gb,{(clap)},VB,"[{""text"": ""clap"", ""type"": ""base""}, {""text"": ""ing"", ""type"": ""suffix""}]","[""BASE"", ""SUFFIX""]","[""plus""]","Double the final consonant, then add -ing.",clap + ing → clapping,approved,open_licensed,MorphoLex-en and approved -ing spelling words sheet,https://github.com/hugomailhot/MorphoLex-en,CC BY-NC-SA 4.0; internal/project-authored,MorphoLex is source evidence. The content owner approved the child-facing word sum and rule.,high,approved_for_first_exposure,Katie Sanderson,2026-10-03T00:00:00Z,Content-owner approved.
skipping_en_gb,{(skip)},VB,"[{""text"": ""skip"", ""type"": ""base""}, {""text"": ""ing"", ""type"": ""suffix""}]","[""BASE"", ""SUFFIX""]","[""plus""]","Double the final consonant, then add -ing.",skip + ing → skipping,approved,open_licensed,MorphoLex-en and approved -ing spelling words sheet,https://github.com/hugomailhot/MorphoLex-en,CC BY-NC-SA 4.0; internal/project-authored,MorphoLex is source evidence. The content owner approved the child-facing word sum and rule.,high,approved_for_first_exposure,Katie Sanderson,2026-10-03T00:00:00Z,Content-owner approved.
hopping_en_gb,{(hop)},VB,"[{""text"": ""hop"", ""type"": ""base""}, {""text"": ""ing"", ""type"": ""suffix""}]","[""BASE"", ""SUFFIX""]","[""plus""]","Double the final consonant, then add -ing.",hop + ing → hopping,approved,open_licensed,MorphoLex-en and approved -ing spelling words sheet,https://github.com/hugomailhot/MorphoLex-en,CC BY-NC-SA 4.0; internal/project-authored,MorphoLex is source evidence. The content owner approved the child-facing word sum and rule.,high,approved_for_first_exposure,Katie Sanderson,2026-10-03T00:00:00Z,Content-owner approved.
chatting_en_gb,{(chat)},VB,"[{""text"": ""chat"", ""type"": ""base""}, {""text"": ""ing"", ""type"": ""suffix""}]","[""BASE"", ""SUFFIX""]","[""plus""]","Double the final consonant, then add -ing.",chat + ing → chatting,approved,open_licensed,MorphoLex-en and approved -ing spelling words sheet,https://github.com/hugomailhot/MorphoLex-en,CC BY-NC-SA 4.0; internal/project-authored,MorphoLex is source evidence. The content owner approved the child-facing word sum and rule.,high,approved_for_first_exposure,Katie Sanderson,2026-10-03T00:00:00Z,Content-owner approved.
grabbing_en_gb,{(grab)},VB|JJ,"[{""text"": ""grab"", ""type"": ""base""}, {""text"": ""ing"", ""type"": ""suffix""}]","[""BASE"", ""SUFFIX""]","[""plus""]","Double the final consonant, then add -ing.",grab + ing → grabbing,approved,open_licensed,MorphoLex-en and approved -ing spelling words sheet,https://github.com/hugomailhot/MorphoLex-en,CC BY-NC-SA 4.0; internal/project-authored,MorphoLex is source evidence. The content owner approved the child-facing word sum and rule.,high,approved_for_first_exposure,Katie Sanderson,2026-10-03T00:00:00Z,Content-owner approved.
slipping_en_gb,{(slip)},VB,"[{""text"": ""slip"", ""type"": ""base""}, {""text"": ""ing"", ""type"": ""suffix""}]","[""BASE"", ""SUFFIX""]","[""plus""]","Double the final consonant, then add -ing.",slip + ing → slipping,approved,open_licensed,MorphoLex-en and approved -ing spelling words sheet,https://github.com/hugomailhot/MorphoLex-en,CC BY-NC-SA 4.0; internal/project-authored,MorphoLex is source evidence. The content owner approved the child-facing word sum and rule.,high,approved_for_first_exposure,Katie Sanderson,2026-10-03T00:00:00Z,Content-owner approved.
stopping_en_gb,{(stop)},VB|NN,"[{""text"": ""stop"", ""type"": ""base""}, {""text"": ""ing"", ""type"": ""suffix""}]","[""BASE"", ""SUFFIX""]","[""plus""]","Double the final consonant, then add -ing.",stop + ing → stopping,approved,open_licensed,MorphoLex-en and approved -ing spelling words sheet,https://github.com/hugomailhot/MorphoLex-en,CC BY-NC-SA 4.0; internal/project-authored,MorphoLex is source evidence. The content owner approved the child-facing word sum and rule.,high,approved_for_first_exposure,Katie Sanderson,2026-10-03T00:00:00Z,Content-owner approved.
tapping_en_gb,{(tap)},VB|NN,"[{""text"": ""tap"", ""type"": ""base""}, {""text"": ""ing"", ""type"": ""suffix""}]","[""BASE"", ""SUFFIX""]","[""plus""]","Double the final consonant, then add -ing.",tap + ing → tapping,approved,open_licensed,MorphoLex-en and approved -ing spelling words sheet,https://github.com/hugomailhot/MorphoLex-en,CC BY-NC-SA 4.0; internal/project-authored,MorphoLex is source evidence. The content owner approved the child-facing word sum and rule.,high,approved_for_first_exposure,Katie Sanderson,2026-10-03T00:00:00Z,Content-owner approved.
drumming_en_gb,{(drum)},VB,"[{""text"": ""drum"", ""type"": ""base""}, {""text"": ""ing"", ""type"": ""suffix""}]","[""BASE"", ""SUFFIX""]","[""plus""]","Double the final consonant, then add -ing.",drum + ing → drumming,approved,open_licensed,MorphoLex-en and approved -ing spelling words sheet,https://github.com/hugomailhot/MorphoLex-en,CC BY-NC-SA 4.0; internal/project-authored,MorphoLex is source evidence. The content owner approved the child-facing word sum and rule.,high,approved_for_first_exposure,Katie Sanderson,2026-10-03T00:00:00Z,Content-owner approved.
jogging_en_gb,{(jog)},NN|VB,"[{""text"": ""jog"", ""type"": ""base""}, {""text"": ""ing"", ""type"": ""suffix""}]","[""BASE"", ""SUFFIX""]","[""plus""]","Double the final consonant, then add -ing.",jog + ing → jogging,approved,open_licensed,MorphoLex-en and approved -ing spelling words sheet,https://github.com/hugomailhot/MorphoLex-en,CC BY-NC-SA 4.0; internal/project-authored,MorphoLex is source evidence. The content owner approved the child-facing word sum and rule.,high,approved_for_first_exposure,Katie Sanderson,2026-10-03T00:00:00Z,Content-owner approved.
spinning_en_gb,{(spin)},VB,"[{""text"": ""spin"", ""type"": ""base""}, {""text"": ""ing"", ""type"": ""suffix""}]","[""BASE"", ""SUFFIX""]","[""plus""]","Double the final consonant, then add -ing.",spin + ing → spinning,approved,open_licensed,MorphoLex-en and approved -ing spelling words sheet,https://github.com/hugomailhot/MorphoLex-en,CC BY-NC-SA 4.0; internal/project-authored,MorphoLex is source evidence. The content owner approved the child-facing word sum and rule.,high,approved_for_first_exposure,Katie Sanderson,2026-10-03T00:00:00Z,Content-owner approved.
travelling_en_gb,{(travel)},VB,"[{""text"": ""travel"", ""type"": ""base""}, {""text"": ""ing"", ""type"": ""suffix""}]","[""BASE"", ""SUFFIX""]","[""plus""]","Double the final consonant, then add -ing.",travel + ing → travelling,approved,open_licensed,MorphoLex-en and approved -ing spelling words sheet,https://github.com/hugomailhot/MorphoLex-en,CC BY-NC-SA 4.0; internal/project-authored,MorphoLex is source evidence. The content owner approved the child-facing word sum and rule.,high,approved_for_first_exposure,Katie Sanderson,2026-10-03T00:00:00Z,Content-owner approved.
making_en_gb,{(make)},VB|NN,"[{""text"": ""make"", ""type"": ""base""}, {""text"": ""ing"", ""type"": ""suffix""}]","[""BASE"", ""SUFFIX""]","[""plus""]","Drop the final e, then add -ing.",make + ing → making,approved,open_licensed,MorphoLex-en and approved -ing spelling words sheet,https://github.com/hugomailhot/MorphoLex-en,CC BY-NC-SA 4.0; internal/project-authored,MorphoLex is source evidence. The content owner approved the child-facing word sum and rule.,high,approved_for_first_exposure,Katie Sanderson,2026-10-03T00:00:00Z,Content-owner approved.
writing_en_gb,{(write)},VB|NN,"[{""text"": ""write"", ""type"": ""base""}, {""text"": ""ing"", ""type"": ""suffix""}]","[""BASE"", ""SUFFIX""]","[""plus""]","Drop the final e, then add -ing.",write + ing → writing,approved,open_licensed,MorphoLex-en and approved -ing spelling words sheet,https://github.com/hugomailhot/MorphoLex-en,CC BY-NC-SA 4.0; internal/project-authored,MorphoLex is source evidence. The content owner approved the child-facing word sum and rule.,high,approved_for_first_exposure,Katie Sanderson,2026-10-03T00:00:00Z,Content-owner approved.
riding_en_gb,{(ride)},VB|NN,"[{""text"": ""ride"", ""type"": ""base""}, {""text"": ""ing"", ""type"": ""suffix""}]","[""BASE"", ""SUFFIX""]","[""plus""]","Drop the final e, then add -ing.",ride + ing → riding,approved,open_licensed,MorphoLex-en and approved -ing spelling words sheet,https://github.com/hugomailhot/MorphoLex-en,CC BY-NC-SA 4.0; internal/project-authored,MorphoLex is source evidence. The content owner approved the child-facing word sum and rule.,high,approved_for_first_exposure,Katie Sanderson,2026-10-03T00:00:00Z,Content-owner approved.
hoping_en_gb,{(hope)},VB,"[{""text"": ""hope"", ""type"": ""base""}, {""text"": ""ing"", ""type"": ""suffix""}]","[""BASE"", ""SUFFIX""]","[""plus""]","Drop the final e, then add -ing.",hope + ing → hoping,approved,open_licensed,MorphoLex-en and approved -ing spelling words sheet,https://github.com/hugomailhot/MorphoLex-en,CC BY-NC-SA 4.0; internal/project-authored,MorphoLex is source evidence. The content owner approved the child-facing word sum and rule.,high,approved_for_first_exposure,Katie Sanderson,2026-10-03T00:00:00Z,Content-owner approved.
smiling_en_gb,{(smile)},VB|NN,"[{""text"": ""smile"", ""type"": ""base""}, {""text"": ""ing"", ""type"": ""suffix""}]","[""BASE"", ""SUFFIX""]","[""plus""]","Drop the final e, then add -ing.",smile + ing → smiling,approved,open_licensed,MorphoLex-en and approved -ing spelling words sheet,https://github.com/hugomailhot/MorphoLex-en,CC BY-NC-SA 4.0; internal/project-authored,MorphoLex is source evidence. The content owner approved the child-facing word sum and rule.,high,approved_for_first_exposure,Katie Sanderson,2026-10-03T00:00:00Z,Content-owner approved.
shining_en_gb,{(shine)},VB|NN|JJ,"[{""text"": ""shine"", ""type"": ""base""}, {""text"": ""ing"", ""type"": ""suffix""}]","[""BASE"", ""SUFFIX""]","[""plus""]","Drop the final e, then add -ing.",shine + ing → shining,approved,open_licensed,MorphoLex-en and approved -ing spelling words sheet,https://github.com/hugomailhot/MorphoLex-en,CC BY-NC-SA 4.0; internal/project-authored,MorphoLex is source evidence. The content owner approved the child-facing word sum and rule.,high,approved_for_first_exposure,Katie Sanderson,2026-10-03T00:00:00Z,Content-owner approved.
using_en_gb,{(use)},VB|NN,"[{""text"": ""use"", ""type"": ""base""}, {""text"": ""ing"", ""type"": ""suffix""}]","[""BASE"", ""SUFFIX""]","[""plus""]","Drop the final e, then add -ing.",use + ing → using,approved,open_licensed,MorphoLex-en and approved -ing spelling words sheet,https://github.com/hugomailhot/MorphoLex-en,CC BY-NC-SA 4.0; internal/project-authored,MorphoLex is source evidence. The content owner approved the child-facing word sum and rule.,high,approved_for_first_exposure,Katie Sanderson,2026-10-03T00:00:00Z,Content-owner approved.
coming_en_gb,{(come)},VB|NN|JJ,"[{""text"": ""come"", ""type"": ""base""}, {""text"": ""ing"", ""type"": ""suffix""}]","[""BASE"", ""SUFFIX""]","[""plus""]","Drop the final e, then add -ing.",come + ing → coming,approved,open_licensed,MorphoLex-en and approved -ing spelling words sheet,https://github.com/hugomailhot/MorphoLex-en,CC BY-NC-SA 4.0; internal/project-authored,MorphoLex is source evidence. The content owner approved the child-facing word sum and rule.,high,approved_for_first_exposure,Katie Sanderson,2026-10-03T00:00:00Z,Content-owner approved.
taking_en_gb,{(take)},VB|NN,"[{""text"": ""take"", ""type"": ""base""}, {""text"": ""ing"", ""type"": ""suffix""}]","[""BASE"", ""SUFFIX""]","[""plus""]","Drop the final e, then add -ing.",take + ing → taking,approved,open_licensed,MorphoLex-en and approved -ing spelling words sheet,https://github.com/hugomailhot/MorphoLex-en,CC BY-NC-SA 4.0; internal/project-authored,MorphoLex is source evidence. The content owner approved the child-facing word sum and rule.,high,approved_for_first_exposure,Katie Sanderson,2026-10-03T00:00:00Z,Content-owner approved.
saving_en_gb,{(save)},VB|NN,"[{""text"": ""save"", ""type"": ""base""}, {""text"": ""ing"", ""type"": ""suffix""}]","[""BASE"", ""SUFFIX""]","[""plus""]","Drop the final e, then add -ing.",save + ing → saving,approved,open_licensed,MorphoLex-en and approved -ing spelling words sheet,https://github.com/hugomailhot/MorphoLex-en,CC BY-NC-SA 4.0; internal/project-authored,MorphoLex is source evidence. The content owner approved the child-facing word sum and rule.,high,approved_for_first_exposure,Katie Sanderson,2026-10-03T00:00:00Z,Content-owner approved.
closing_en_gb,{(close)},VB|NN,"[{""text"": ""close"", ""type"": ""base""}, {""text"": ""ing"", ""type"": ""suffix""}]","[""BASE"", ""SUFFIX""]","[""plus""]","Drop the final e, then add -ing.",close + ing → closing,approved,open_licensed,MorphoLex-en and approved -ing spelling words sheet,https://github.com/hugomailhot/MorphoLex-en,CC BY-NC-SA 4.0; internal/project-authored,MorphoLex is source evidence. The content owner approved the child-facing word sum and rule.,high,approved_for_first_exposure,Katie Sanderson,2026-10-03T00:00:00Z,Content-owner approved.
playing_en_gb,{(play)},VB|NN,"[{""text"": ""play"", ""type"": ""base""}, {""text"": ""ing"", ""type"": ""suffix""}]","[""BASE"", ""SUFFIX""]","[""plus""]",Add -ing to the base word.,play + ing → playing,approved,open_licensed,MorphoLex-en and approved -ing spelling words sheet,https://github.com/hugomailhot/MorphoLex-en,CC BY-NC-SA 4.0; internal/project-authored,MorphoLex is source evidence. The content owner approved the child-facing word sum and rule.,high,approved_for_first_exposure,Katie Sanderson,2026-10-03T00:00:00Z,Content-owner approved.
reading_en_gb,{(read)},NN|VB,"[{""text"": ""read"", ""type"": ""base""}, {""text"": ""ing"", ""type"": ""suffix""}]","[""BASE"", ""SUFFIX""]","[""plus""]",Add -ing to the base word.,read + ing → reading,approved,open_licensed,MorphoLex-en and approved -ing spelling words sheet,https://github.com/hugomailhot/MorphoLex-en,CC BY-NC-SA 4.0; internal/project-authored,MorphoLex is source evidence. The content owner approved the child-facing word sum and rule.,high,approved_for_first_exposure,Katie Sanderson,2026-10-03T00:00:00Z,Content-owner approved.
jumping_en_gb,{(jump)},VB|NN,"[{""text"": ""jump"", ""type"": ""base""}, {""text"": ""ing"", ""type"": ""suffix""}]","[""BASE"", ""SUFFIX""]","[""plus""]",Add -ing to the base word.,jump + ing → jumping,approved,open_licensed,MorphoLex-en and approved -ing spelling words sheet,https://github.com/hugomailhot/MorphoLex-en,CC BY-NC-SA 4.0; internal/project-authored,MorphoLex is source evidence. The content owner approved the child-facing word sum and rule.,high,approved_for_first_exposure,Katie Sanderson,2026-10-03T00:00:00Z,Content-owner approved.
helping_en_gb,{(help)},VB|NN,"[{""text"": ""help"", ""type"": ""base""}, {""text"": ""ing"", ""type"": ""suffix""}]","[""BASE"", ""SUFFIX""]","[""plus""]",Add -ing to the base word.,help + ing → helping,approved,open_licensed,MorphoLex-en and approved -ing spelling words sheet,https://github.com/hugomailhot/MorphoLex-en,CC BY-NC-SA 4.0; internal/project-authored,MorphoLex is source evidence. The content owner approved the child-facing word sum and rule.,high,approved_for_first_exposure,Katie Sanderson,2026-10-03T00:00:00Z,Content-owner approved.
looking_en_gb,{(look)},VB|NN,"[{""text"": ""look"", ""type"": ""base""}, {""text"": ""ing"", ""type"": ""suffix""}]","[""BASE"", ""SUFFIX""]","[""plus""]",Add -ing to the base word.,look + ing → looking,approved,open_licensed,MorphoLex-en and approved -ing spelling words sheet,https://github.com/hugomailhot/MorphoLex-en,CC BY-NC-SA 4.0; internal/project-authored,MorphoLex is source evidence. The content owner approved the child-facing word sum and rule.,high,approved_for_first_exposure,Katie Sanderson,2026-10-03T00:00:00Z,Content-owner approved.
singing_en_gb,{(sing)},VB|NN,"[{""text"": ""sing"", ""type"": ""base""}, {""text"": ""ing"", ""type"": ""suffix""}]","[""BASE"", ""SUFFIX""]","[""plus""]",Add -ing to the base word.,sing + ing → singing,approved,open_licensed,MorphoLex-en and approved -ing spelling words sheet,https://github.com/hugomailhot/MorphoLex-en,CC BY-NC-SA 4.0; internal/project-authored,MorphoLex is source evidence. The content owner approved the child-facing word sum and rule.,high,approved_for_first_exposure,Katie Sanderson,2026-10-03T00:00:00Z,Content-owner approved.
washing_en_gb,{(wash)},VB|NN,"[{""text"": ""wash"", ""type"": ""base""}, {""text"": ""ing"", ""type"": ""suffix""}]","[""BASE"", ""SUFFIX""]","[""plus""]",Add -ing to the base word.,wash + ing → washing,approved,open_licensed,MorphoLex-en and approved -ing spelling words sheet,https://github.com/hugomailhot/MorphoLex-en,CC BY-NC-SA 4.0; internal/project-authored,MorphoLex is source evidence. The content owner approved the child-facing word sum and rule.,high,approved_for_first_exposure,Katie Sanderson,2026-10-03T00:00:00Z,Content-owner approved.
opening_en_gb,{(open)},NN|VB,"[{""text"": ""open"", ""type"": ""base""}, {""text"": ""ing"", ""type"": ""suffix""}]","[""BASE"", ""SUFFIX""]","[""plus""]",Add -ing to the base word.,open + ing → opening,approved,open_licensed,MorphoLex-en and approved -ing spelling words sheet,https://github.com/hugomailhot/MorphoLex-en,CC BY-NC-SA 4.0; internal/project-authored,MorphoLex is source evidence. The content owner approved the child-facing word sum and rule.,high,approved_for_first_exposure,Katie Sanderson,2026-10-03T00:00:00Z,Content-owner approved.
asking_en_gb,{(ask)},VB|NN,"[{""text"": ""ask"", ""type"": ""base""}, {""text"": ""ing"", ""type"": ""suffix""}]","[""BASE"", ""SUFFIX""]","[""plus""]",Add -ing to the base word.,ask + ing → asking,approved,open_licensed,MorphoLex-en and approved -ing spelling words sheet,https://github.com/hugomailhot/MorphoLex-en,CC BY-NC-SA 4.0; internal/project-authored,MorphoLex is source evidence. The content owner approved the child-facing word sum and rule.,high,approved_for_first_exposure,Katie Sanderson,2026-10-03T00:00:00Z,Content-owner approved.
working_en_gb,{(work)},VB|NN|JJ,"[{""text"": ""work"", ""type"": ""base""}, {""text"": ""ing"", ""type"": ""suffix""}]","[""BASE"", ""SUFFIX""]","[""plus""]",Add -ing to the base word.,work + ing → working,approved,open_licensed,MorphoLex-en and approved -ing spelling words sheet,https://github.com/hugomailhot/MorphoLex-en,CC BY-NC-SA 4.0; internal/project-authored,MorphoLex is source evidence. The content owner approved the child-facing word sum and rule.,high,approved_for_first_exposure,Katie Sanderson,2026-10-03T00:00:00Z,Content-owner approved.
