word_key,display_word,age_band,complexity_band,dictation_sentence,dictation_target_token_index,audio_text,source_category,source_name,source_url,source_licence,source_use_note,confidence,review_status,reviewed_by,reviewed_at,review_notes
dying_en_gb,dying,early_primary,medium,The old flower is dying.,4,The old flower is dying.,internal_authored,Approved -ing spelling words sheet,local:ing_spelling_words.csv,internal/project-authored,"Approved word, child-friendly definition, dictation, pronunciation, and inflection analysis supplied or approved by the content owner.",high,approved_for_first_exposure,Katie Sanderson,2026-10-03T00:00:00Z,Content-owner approved.
lying_en_gb,lying,early_primary,medium,The cat is lying on the rug.,3,The cat is lying on the rug.,internal_authored,Approved -ing spelling words sheet,local:ing_spelling_words.csv,internal/project-authored,"Approved word, child-friendly definition, dictation, pronunciation, and inflection analysis supplied or approved by the content owner.",high,approved_for_first_exposure,Katie Sanderson,2026-10-03T00:00:00Z,Content-owner approved.
tying_en_gb,tying,early_primary,medium,She is tying her shoelaces.,2,She is tying her shoelaces.,internal_authored,Approved -ing spelling words sheet,local:ing_spelling_words.csv,internal/project-authored,"Approved word, child-friendly definition, dictation, pronunciation, and inflection analysis supplied or approved by the content owner.",high,approved_for_first_exposure,Katie Sanderson,2026-10-03T00:00:00Z,Content-owner approved.
vying_en_gb,vying,lower_secondary,medium,The teams are vying for first place.,3,The teams are vying for first place.,internal_authored,Approved -ing spelling words sheet,local:ing_spelling_words.csv,internal/project-authored,"Approved word, child-friendly definition, dictation, pronunciation, and inflection analysis supplied or approved by the content owner.",high,approved_for_first_exposure,Katie Sanderson,2026-10-03T00:00:00Z,Content-owner approved.
untying_en_gb,untying,early_primary,medium,He is untying the ribbon.,2,He is untying the ribbon.,internal_authored,Approved -ing spelling words sheet,local:ing_spelling_words.csv,internal/project-authored,"Approved word, child-friendly definition, dictation, pronunciation, and inflection analysis supplied or approved by the content owner.",high,approved_for_first_exposure,Katie Sanderson,2026-10-03T00:00:00Z,Content-owner approved.
retying_en_gb,retying,in_review,in_review,She is retying her loose shoelace.,2,She is retying her loose shoelace.,internal_authored,Approved -ing spelling words sheet,local:ing_spelling_words.csv,internal/project-authored,"Approved word, child-friendly definition, dictation, pronunciation, and inflection analysis supplied or approved by the content owner.",high,approved_for_first_exposure,Katie Sanderson,2026-10-03T00:00:00Z,Content-owner approved.
belying_en_gb,belying,in_review,medium,His calm smile is belying his nerves.,4,His calm smile is belying his nerves.,internal_authored,Approved -ing spelling words sheet,local:ing_spelling_words.csv,internal/project-authored,"Approved word, child-friendly definition, dictation, pronunciation, and inflection analysis supplied or approved by the content owner.",high,approved_for_first_exposure,Katie Sanderson,2026-10-03T00:00:00Z,Content-owner approved.
overlying_en_gb,overlying,in_review,high,A blanket of snow is overlying the grass.,5,A blanket of snow is overlying the grass.,internal_authored,Approved -ing spelling words sheet,local:ing_spelling_words.csv,internal/project-authored,"Approved word, child-friendly definition, dictation, pronunciation, and inflection analysis supplied or approved by the content owner.",high,approved_for_first_exposure,Katie Sanderson,2026-10-03T00:00:00Z,Content-owner approved.
underlying_en_gb,underlying,lower_secondary,high,A layer of rock is underlying the soil.,5,A layer of rock is underlying the soil.,internal_authored,Approved -ing spelling words sheet,local:ing_spelling_words.csv,internal/project-authored,"Approved word, child-friendly definition, dictation, pronunciation, and inflection analysis supplied or approved by the content owner.",high,approved_for_first_exposure,Katie Sanderson,2026-10-03T00:00:00Z,Content-owner approved.
running_en_gb,running,early_primary,medium,The boy is running to the gate.,3,The boy is running to the gate.,internal_authored,Approved -ing spelling words sheet,local:ing_spelling_words.csv,internal/project-authored,"Approved word, child-friendly definition, dictation, pronunciation, and inflection analysis supplied or approved by the content owner.",high,approved_for_first_exposure,Katie Sanderson,2026-10-03T00:00:00Z,Content-owner approved.
swimming_en_gb,swimming,early_primary,medium,She is swimming across the pool.,2,She is swimming across the pool.,internal_authored,Approved -ing spelling words sheet,local:ing_spelling_words.csv,internal/project-authored,"Approved word, child-friendly definition, dictation, pronunciation, and inflection analysis supplied or approved by the content owner.",high,approved_for_first_exposure,Katie Sanderson,2026-10-03T00:00:00Z,Content-owner approved.
sitting_en_gb,sitting,early_primary,medium,The class is sitting quietly.,3,The class is sitting quietly.,internal_authored,Approved -ing spelling words sheet,local:ing_spelling_words.csv,internal/project-authored,"Approved word, child-friendly definition, dictation, pronunciation, and inflection analysis supplied or approved by the content owner.",high,approved_for_first_exposure,Katie Sanderson,2026-10-03T00:00:00Z,Content-owner approved.
getting_en_gb,getting,early_primary,medium,He is getting ready for school.,2,He is getting ready for school.,internal_authored,Approved -ing spelling words sheet,local:ing_spelling_words.csv,internal/project-authored,"Approved word, child-friendly definition, dictation, pronunciation, and inflection analysis supplied or approved by the content owner.",high,approved_for_first_exposure,Katie Sanderson,2026-10-03T00:00:00Z,Content-owner approved.
putting_en_gb,putting,early_primary,medium,She is putting the books away.,2,She is putting the books away.,internal_authored,Approved -ing spelling words sheet,local:ing_spelling_words.csv,internal/project-authored,"Approved word, child-friendly definition, dictation, pronunciation, and inflection analysis supplied or approved by the content owner.",high,approved_for_first_exposure,Katie Sanderson,2026-10-03T00:00:00Z,Content-owner approved.
cutting_en_gb,cutting,middle_primary,medium,He is cutting the paper carefully.,2,He is cutting the paper carefully.,internal_authored,Approved -ing spelling words sheet,local:ing_spelling_words.csv,internal/project-authored,"Approved word, child-friendly definition, dictation, pronunciation, and inflection analysis supplied or approved by the content owner.",high,approved_for_first_exposure,Katie Sanderson,2026-10-03T00:00:00Z,Content-owner approved.
hitting_en_gb,hitting,in_review,medium,She is hitting the ball with a bat.,2,She is hitting the ball with a bat.,internal_authored,Approved -ing spelling words sheet,local:ing_spelling_words.csv,internal/project-authored,"Approved word, child-friendly definition, dictation, pronunciation, and inflection analysis supplied or approved by the content owner.",high,approved_for_first_exposure,Katie Sanderson,2026-10-03T00:00:00Z,Content-owner approved.
winning_en_gb,winning,early_primary,medium,Our team is winning the match.,3,Our team is winning the match.,internal_authored,Approved -ing spelling words sheet,local:ing_spelling_words.csv,internal/project-authored,"Approved word, child-friendly definition, dictation, pronunciation, and inflection analysis supplied or approved by the content owner.",high,approved_for_first_exposure,Katie Sanderson,2026-10-03T00:00:00Z,Content-owner approved.
clapping_en_gb,clapping,in_review,medium,The audience is clapping loudly.,3,The audience is clapping loudly.,internal_authored,Approved -ing spelling words sheet,local:ing_spelling_words.csv,internal/project-authored,"Approved word, child-friendly definition, dictation, pronunciation, and inflection analysis supplied or approved by the content owner.",high,approved_for_first_exposure,Katie Sanderson,2026-10-03T00:00:00Z,Content-owner approved.
skipping_en_gb,skipping,in_review,medium,She is skipping across the playground.,2,She is skipping across the playground.,internal_authored,Approved -ing spelling words sheet,local:ing_spelling_words.csv,internal/project-authored,"Approved word, child-friendly definition, dictation, pronunciation, and inflection analysis supplied or approved by the content owner.",high,approved_for_first_exposure,Katie Sanderson,2026-10-03T00:00:00Z,Content-owner approved.
hopping_en_gb,hopping,in_review,medium,The rabbit is hopping through the grass.,3,The rabbit is hopping through the grass.,internal_authored,Approved -ing spelling words sheet,local:ing_spelling_words.csv,internal/project-authored,"Approved word, child-friendly definition, dictation, pronunciation, and inflection analysis supplied or approved by the content owner.",high,approved_for_first_exposure,Katie Sanderson,2026-10-03T00:00:00Z,Content-owner approved.
chatting_en_gb,chatting,in_review,medium,We are chatting after class.,2,We are chatting after class.,internal_authored,Approved -ing spelling words sheet,local:ing_spelling_words.csv,internal/project-authored,"Approved word, child-friendly definition, dictation, pronunciation, and inflection analysis supplied or approved by the content owner.",high,approved_for_first_exposure,Katie Sanderson,2026-10-03T00:00:00Z,Content-owner approved.
grabbing_en_gb,grabbing,in_review,medium,He is grabbing his coat.,2,He is grabbing his coat.,internal_authored,Approved -ing spelling words sheet,local:ing_spelling_words.csv,internal/project-authored,"Approved word, child-friendly definition, dictation, pronunciation, and inflection analysis supplied or approved by the content owner.",high,approved_for_first_exposure,Katie Sanderson,2026-10-03T00:00:00Z,Content-owner approved.
slipping_en_gb,slipping,in_review,medium,The cup is slipping from my hand.,3,The cup is slipping from my hand.,internal_authored,Approved -ing spelling words sheet,local:ing_spelling_words.csv,internal/project-authored,"Approved word, child-friendly definition, dictation, pronunciation, and inflection analysis supplied or approved by the content owner.",high,approved_for_first_exposure,Katie Sanderson,2026-10-03T00:00:00Z,Content-owner approved.
stopping_en_gb,stopping,early_primary,medium,The bus is stopping at the corner.,3,The bus is stopping at the corner.,internal_authored,Approved -ing spelling words sheet,local:ing_spelling_words.csv,internal/project-authored,"Approved word, child-friendly definition, dictation, pronunciation, and inflection analysis supplied or approved by the content owner.",high,approved_for_first_exposure,Katie Sanderson,2026-10-03T00:00:00Z,Content-owner approved.
tapping_en_gb,tapping,in_review,medium,She is tapping the drum softly.,2,She is tapping the drum softly.,internal_authored,Approved -ing spelling words sheet,local:ing_spelling_words.csv,internal/project-authored,"Approved word, child-friendly definition, dictation, pronunciation, and inflection analysis supplied or approved by the content owner.",high,approved_for_first_exposure,Katie Sanderson,2026-10-03T00:00:00Z,Content-owner approved.
drumming_en_gb,drumming,in_review,medium,He is drumming to the beat.,2,He is drumming to the beat.,internal_authored,Approved -ing spelling words sheet,local:ing_spelling_words.csv,internal/project-authored,"Approved word, child-friendly definition, dictation, pronunciation, and inflection analysis supplied or approved by the content owner.",high,approved_for_first_exposure,Katie Sanderson,2026-10-03T00:00:00Z,Content-owner approved.
jogging_en_gb,jogging,early_primary,medium,Dad is jogging around the park.,2,Dad is jogging around the park.,internal_authored,Approved -ing spelling words sheet,local:ing_spelling_words.csv,internal/project-authored,"Approved word, child-friendly definition, dictation, pronunciation, and inflection analysis supplied or approved by the content owner.",high,approved_for_first_exposure,Katie Sanderson,2026-10-03T00:00:00Z,Content-owner approved.
spinning_en_gb,spinning,early_primary,medium,The wheel is spinning fast.,3,The wheel is spinning fast.,internal_authored,Approved -ing spelling words sheet,local:ing_spelling_words.csv,internal/project-authored,"Approved word, child-friendly definition, dictation, pronunciation, and inflection analysis supplied or approved by the content owner.",high,approved_for_first_exposure,Katie Sanderson,2026-10-03T00:00:00Z,Content-owner approved.
travelling_en_gb,travelling,in_review,high,We are travelling by train.,2,We are travelling by train.,internal_authored,Approved -ing spelling words sheet,local:ing_spelling_words.csv,internal/project-authored,"Approved word, child-friendly definition, dictation, pronunciation, and inflection analysis supplied or approved by the content owner.",high,approved_for_first_exposure,Katie Sanderson,2026-10-03T00:00:00Z,Content-owner approved.
making_en_gb,making,in_review,medium,She is making a paper boat.,2,She is making a paper boat.,internal_authored,Approved -ing spelling words sheet,local:ing_spelling_words.csv,internal/project-authored,"Approved word, child-friendly definition, dictation, pronunciation, and inflection analysis supplied or approved by the content owner.",high,approved_for_first_exposure,Katie Sanderson,2026-10-03T00:00:00Z,Content-owner approved.
writing_en_gb,writing,early_primary,medium,He is writing a short story.,2,He is writing a short story.,internal_authored,Approved -ing spelling words sheet,local:ing_spelling_words.csv,internal/project-authored,"Approved word, child-friendly definition, dictation, pronunciation, and inflection analysis supplied or approved by the content owner.",high,approved_for_first_exposure,Katie Sanderson,2026-10-03T00:00:00Z,Content-owner approved.
riding_en_gb,riding,early_primary,medium,She is riding her bike.,2,She is riding her bike.,internal_authored,Approved -ing spelling words sheet,local:ing_spelling_words.csv,internal/project-authored,"Approved word, child-friendly definition, dictation, pronunciation, and inflection analysis supplied or approved by the content owner.",high,approved_for_first_exposure,Katie Sanderson,2026-10-03T00:00:00Z,Content-owner approved.
hoping_en_gb,hoping,in_review,medium,I am hoping for sunny weather.,2,I am hoping for sunny weather.,internal_authored,Approved -ing spelling words sheet,local:ing_spelling_words.csv,internal/project-authored,"Approved word, child-friendly definition, dictation, pronunciation, and inflection analysis supplied or approved by the content owner.",high,approved_for_first_exposure,Katie Sanderson,2026-10-03T00:00:00Z,Content-owner approved.
smiling_en_gb,smiling,in_review,medium,The baby is smiling at me.,3,The baby is smiling at me.,internal_authored,Approved -ing spelling words sheet,local:ing_spelling_words.csv,internal/project-authored,"Approved word, child-friendly definition, dictation, pronunciation, and inflection analysis supplied or approved by the content owner.",high,approved_for_first_exposure,Katie Sanderson,2026-10-03T00:00:00Z,Content-owner approved.
shining_en_gb,shining,in_review,medium,The sun is shining brightly.,3,The sun is shining brightly.,internal_authored,Approved -ing spelling words sheet,local:ing_spelling_words.csv,internal/project-authored,"Approved word, child-friendly definition, dictation, pronunciation, and inflection analysis supplied or approved by the content owner.",high,approved_for_first_exposure,Katie Sanderson,2026-10-03T00:00:00Z,Content-owner approved.
using_en_gb,using,early_primary,medium,He is using a ruler.,2,He is using a ruler.,internal_authored,Approved -ing spelling words sheet,local:ing_spelling_words.csv,internal/project-authored,"Approved word, child-friendly definition, dictation, pronunciation, and inflection analysis supplied or approved by the content owner.",high,approved_for_first_exposure,Katie Sanderson,2026-10-03T00:00:00Z,Content-owner approved.
coming_en_gb,coming,early_primary,medium,The bus is coming now.,3,The bus is coming now.,internal_authored,Approved -ing spelling words sheet,local:ing_spelling_words.csv,internal/project-authored,"Approved word, child-friendly definition, dictation, pronunciation, and inflection analysis supplied or approved by the content owner.",high,approved_for_first_exposure,Katie Sanderson,2026-10-03T00:00:00Z,Content-owner approved.
taking_en_gb,taking,middle_primary,medium,She is taking her lunch to school.,2,She is taking her lunch to school.,internal_authored,Approved -ing spelling words sheet,local:ing_spelling_words.csv,internal/project-authored,"Approved word, child-friendly definition, dictation, pronunciation, and inflection analysis supplied or approved by the content owner.",high,approved_for_first_exposure,Katie Sanderson,2026-10-03T00:00:00Z,Content-owner approved.
saving_en_gb,saving,middle_primary,medium,He is saving his pocket money.,2,He is saving his pocket money.,internal_authored,Approved -ing spelling words sheet,local:ing_spelling_words.csv,internal/project-authored,"Approved word, child-friendly definition, dictation, pronunciation, and inflection analysis supplied or approved by the content owner.",high,approved_for_first_exposure,Katie Sanderson,2026-10-03T00:00:00Z,Content-owner approved.
closing_en_gb,closing,in_review,medium,She is closing the window.,2,She is closing the window.,internal_authored,Approved -ing spelling words sheet,local:ing_spelling_words.csv,internal/project-authored,"Approved word, child-friendly definition, dictation, pronunciation, and inflection analysis supplied or approved by the content owner.",high,approved_for_first_exposure,Katie Sanderson,2026-10-03T00:00:00Z,Content-owner approved.
playing_en_gb,playing,in_review,medium,The children are playing outside.,3,The children are playing outside.,internal_authored,Approved -ing spelling words sheet,local:ing_spelling_words.csv,internal/project-authored,"Approved word, child-friendly definition, dictation, pronunciation, and inflection analysis supplied or approved by the content owner.",high,approved_for_first_exposure,Katie Sanderson,2026-10-03T00:00:00Z,Content-owner approved.
reading_en_gb,reading,early_primary,medium,She is reading a new book.,2,She is reading a new book.,internal_authored,Approved -ing spelling words sheet,local:ing_spelling_words.csv,internal/project-authored,"Approved word, child-friendly definition, dictation, pronunciation, and inflection analysis supplied or approved by the content owner.",high,approved_for_first_exposure,Katie Sanderson,2026-10-03T00:00:00Z,Content-owner approved.
jumping_en_gb,jumping,in_review,medium,The frog is jumping over a log.,3,The frog is jumping over a log.,internal_authored,Approved -ing spelling words sheet,local:ing_spelling_words.csv,internal/project-authored,"Approved word, child-friendly definition, dictation, pronunciation, and inflection analysis supplied or approved by the content owner.",high,approved_for_first_exposure,Katie Sanderson,2026-10-03T00:00:00Z,Content-owner approved.
helping_en_gb,helping,early_primary,medium,He is helping his friend.,2,He is helping his friend.,internal_authored,Approved -ing spelling words sheet,local:ing_spelling_words.csv,internal/project-authored,"Approved word, child-friendly definition, dictation, pronunciation, and inflection analysis supplied or approved by the content owner.",high,approved_for_first_exposure,Katie Sanderson,2026-10-03T00:00:00Z,Content-owner approved.
looking_en_gb,looking,in_review,medium,We are looking at the stars.,2,We are looking at the stars.,internal_authored,Approved -ing spelling words sheet,local:ing_spelling_words.csv,internal/project-authored,"Approved word, child-friendly definition, dictation, pronunciation, and inflection analysis supplied or approved by the content owner.",high,approved_for_first_exposure,Katie Sanderson,2026-10-03T00:00:00Z,Content-owner approved.
singing_en_gb,singing,in_review,medium,They are singing a song.,2,They are singing a song.,internal_authored,Approved -ing spelling words sheet,local:ing_spelling_words.csv,internal/project-authored,"Approved word, child-friendly definition, dictation, pronunciation, and inflection analysis supplied or approved by the content owner.",high,approved_for_first_exposure,Katie Sanderson,2026-10-03T00:00:00Z,Content-owner approved.
washing_en_gb,washing,early_primary,medium,She is washing her hands.,2,She is washing her hands.,internal_authored,Approved -ing spelling words sheet,local:ing_spelling_words.csv,internal/project-authored,"Approved word, child-friendly definition, dictation, pronunciation, and inflection analysis supplied or approved by the content owner.",high,approved_for_first_exposure,Katie Sanderson,2026-10-03T00:00:00Z,Content-owner approved.
opening_en_gb,opening,early_primary,medium,He is opening the present.,2,He is opening the present.,internal_authored,Approved -ing spelling words sheet,local:ing_spelling_words.csv,internal/project-authored,"Approved word, child-friendly definition, dictation, pronunciation, and inflection analysis supplied or approved by the content owner.",high,approved_for_first_exposure,Katie Sanderson,2026-10-03T00:00:00Z,Content-owner approved.
asking_en_gb,asking,in_review,medium,She is asking for help.,2,She is asking for help.,internal_authored,Approved -ing spelling words sheet,local:ing_spelling_words.csv,internal/project-authored,"Approved word, child-friendly definition, dictation, pronunciation, and inflection analysis supplied or approved by the content owner.",high,approved_for_first_exposure,Katie Sanderson,2026-10-03T00:00:00Z,Content-owner approved.
working_en_gb,working,in_review,medium,Dad is working at his desk.,2,Dad is working at his desk.,internal_authored,Approved -ing spelling words sheet,local:ing_spelling_words.csv,internal/project-authored,"Approved word, child-friendly definition, dictation, pronunciation, and inflection analysis supplied or approved by the content owner.",high,approved_for_first_exposure,Katie Sanderson,2026-10-03T00:00:00Z,Content-owner approved.
