micro_skill_key,whole_word,whole_canonical_word_id,whole_canonical_identity_status,compound_form,component_count,ordered_component_surfaces,ordered_component_canonical_word_ids,component_identity_statuses,ordered_component_meanings,component_meaning_statuses,ordered_joins,whole_child_friendly_meaning,whole_meaning_status,component_to_whole_relationship,semantic_relationship_status,dictation_sentence,dictation_status,dictation_target_start,dictation_target_end_exclusive,dictation_target_span_status,assignment_eligible,assignment_eligibility_status,source_provenance,existing_governed_reuse,current_blocker,required_action,human_review_required,readiness_classification,genuine_ambiguity,review_decision
D4_MOR_COMPOUND_WORDS_CLOSED_COMPOUNDS,bedroom,471b01bb-6a54-595d-95e2-b1a06edcbc8a,approved_existing_governed_reuse,closed,2,"[""bed"",""room""]","[""a69eab89-ea57-5cce-82c7-1378290b4614"",""6edd2d51-c382-5f75-961b-eac559db8dd0""]","[""approved_existing_governed_reuse"",""approved_existing_governed_reuse""]","[""furniture that you sleep in"",""a space inside a building""]","[""approved_existing_governed_reuse"",""approved_existing_governed_reuse""]","[""none""]",a room where someone sleeps,approved_existing_governed_reuse,"A bedroom is a room with a bed, used for sleeping.",proposed_for_review,Mother took the baby to the bedroom.,approved_existing_governed_reuse,6,7,exact_deterministic,true,approved_existing_governed_reuse,"[{""kind"":""approved_compound_structure"",""value"":{""artifact"":""source-artifacts/2026-07-10-d4-mor/D4_MOR_content_workbook_v1.xlsx"",""sheet"":""Word Bank"",""row"":116,""approval_status"":""human_approved"",""human_review_status"":""approved"",""released_fact_provenance"":{""package_sha256"":""841f13b525f6be22274ad3fa0b40957e43f9fadae72ecc873003c38b32096547"",""approved_review_artifact"":""data/adle/candidates/d4-mor-remaining-profiles/v1/closed-compounds-dictionary-pool-review.json""},""released_fact_source"":{""sheet"":""closed-compounds-dictionary-pool-review.json"",""row"":2,""row_hash"":""79f4e209ca603f0195d509253aa25bf747a0099c1cc53c67f6675d2fcab16556"",""review_status"":""approved_for_first_exposure""}}},{""kind"":""governed_reuse"",""value"":""approved_structure:source-artifacts/2026-07-10-d4-mor/D4_MOR_content_workbook_v1.xlsx#row=116""},{""kind"":""governed_reuse"",""value"":""approved_whole_identity:471b01bb-6a54-595d-95e2-b1a06edcbc8a""},{""kind"":""governed_reuse"",""value"":""approved_component_identity:bed:a69eab89-ea57-5cce-82c7-1378290b4614""},{""kind"":""governed_reuse"",""value"":""approved_component_identity:room:6edd2d51-c382-5f75-961b-eac559db8dd0""},{""kind"":""governed_reuse"",""value"":""approved_meaning:data/adle/candidates/d4-mor-remaining-profiles/v1/closed-compounds-dictionary-pool-review.json#bedroom.firstWordMeaning""},{""kind"":""governed_reuse"",""value"":""approved_meaning:data/adle/candidates/d4-mor-remaining-profiles/v1/closed-compounds-dictionary-pool-review.json#bedroom.secondWordMeaning""},{""kind"":""governed_reuse"",""value"":""approved_whole_meaning:data/adle/candidates/d4-mor-remaining-profiles/v1/closed-compounds-dictionary-pool-review.json#bedroom.definition""},{""kind"":""governed_reuse"",""value"":""approved_dictation:data/adle/candidates/d4-mor-remaining-profiles/v1/closed-compounds-dictionary-pool-review.json#bedroom.dictation""},{""kind"":""governed_reuse"",""value"":""approved_assignment_eligibility:Production canonical_teaching_dictionary_compound_facts#bedroom""}]","[""approved_structure:source-artifacts/2026-07-10-d4-mor/D4_MOR_content_workbook_v1.xlsx#row=116"",""approved_whole_identity:471b01bb-6a54-595d-95e2-b1a06edcbc8a"",""approved_component_identity:bed:a69eab89-ea57-5cce-82c7-1378290b4614"",""approved_component_identity:room:6edd2d51-c382-5f75-961b-eac559db8dd0"",""approved_meaning:data/adle/candidates/d4-mor-remaining-profiles/v1/closed-compounds-dictionary-pool-review.json#bedroom.firstWordMeaning"",""approved_meaning:data/adle/candidates/d4-mor-remaining-profiles/v1/closed-compounds-dictionary-pool-review.json#bedroom.secondWordMeaning"",""approved_whole_meaning:data/adle/candidates/d4-mor-remaining-profiles/v1/closed-compounds-dictionary-pool-review.json#bedroom.definition"",""approved_dictation:data/adle/candidates/d4-mor-remaining-profiles/v1/closed-compounds-dictionary-pool-review.json#bedroom.dictation"",""approved_assignment_eligibility:Production canonical_teaching_dictionary_compound_facts#bedroom""]",approve_component_to_whole_relationship:bedroom,Approve or amend the proposed component-to-whole relationship; no other governed fact needs review.,"[""approve_component_to_whole_relationship:bedroom""]",semantic_relationship_review_only,,pending_human_review
D4_MOR_COMPOUND_WORDS_CLOSED_COMPOUNDS,football,2c8be08f-1205-5422-9799-f95b43a455f8,approved_existing_governed_reuse,closed,2,"[""foot"",""ball""]","[""377bae8a-c334-5d33-81ae-6c4186772d7d"",""c95a7b7f-0cac-5513-b374-95cba442dca7""]","[""approved_existing_governed_reuse"",""approved_existing_governed_reuse""]","[""the part at the end of your leg"",""a round object used in games""]","[""approved_existing_governed_reuse"",""approved_existing_governed_reuse""]","[""none""]",a game where players kick a ball into goals,approved_existing_governed_reuse,Football is a game played with a ball mainly using the feet.,proposed_for_review,Children play football in the playground.,approved_existing_governed_reuse,2,3,exact_deterministic,true,approved_existing_governed_reuse,"[{""kind"":""approved_compound_structure"",""value"":{""artifact"":""source-artifacts/2026-07-10-d4-mor/D4_MOR_content_workbook_v1.xlsx"",""sheet"":""Word Bank"",""row"":114,""approval_status"":""human_approved"",""human_review_status"":""approved"",""released_fact_provenance"":{""package_sha256"":""841f13b525f6be22274ad3fa0b40957e43f9fadae72ecc873003c38b32096547"",""approved_review_artifact"":""data/adle/candidates/d4-mor-remaining-profiles/v1/closed-compounds-dictionary-pool-review.json""},""released_fact_source"":{""sheet"":""closed-compounds-dictionary-pool-review.json"",""row"":4,""row_hash"":""f845b2716eea47aa8ccf1f7d5c80abe4f0b98e7edbe1c198cedaab09c91e4f88"",""review_status"":""approved_for_first_exposure""}}},{""kind"":""governed_reuse"",""value"":""approved_structure:source-artifacts/2026-07-10-d4-mor/D4_MOR_content_workbook_v1.xlsx#row=114""},{""kind"":""governed_reuse"",""value"":""approved_whole_identity:2c8be08f-1205-5422-9799-f95b43a455f8""},{""kind"":""governed_reuse"",""value"":""approved_component_identity:foot:377bae8a-c334-5d33-81ae-6c4186772d7d""},{""kind"":""governed_reuse"",""value"":""approved_component_identity:ball:c95a7b7f-0cac-5513-b374-95cba442dca7""},{""kind"":""governed_reuse"",""value"":""approved_meaning:data/adle/candidates/d4-mor-remaining-profiles/v1/closed-compounds-dictionary-pool-review.json#football.firstWordMeaning""},{""kind"":""governed_reuse"",""value"":""approved_meaning:data/adle/candidates/d4-mor-remaining-profiles/v1/closed-compounds-dictionary-pool-review.json#football.secondWordMeaning""},{""kind"":""governed_reuse"",""value"":""approved_whole_meaning:data/adle/candidates/d4-mor-remaining-profiles/v1/closed-compounds-dictionary-pool-review.json#football.definition""},{""kind"":""governed_reuse"",""value"":""approved_dictation:data/adle/candidates/d4-mor-remaining-profiles/v1/closed-compounds-dictionary-pool-review.json#football.dictation""},{""kind"":""governed_reuse"",""value"":""approved_assignment_eligibility:Production canonical_teaching_dictionary_compound_facts#football""}]","[""approved_structure:source-artifacts/2026-07-10-d4-mor/D4_MOR_content_workbook_v1.xlsx#row=114"",""approved_whole_identity:2c8be08f-1205-5422-9799-f95b43a455f8"",""approved_component_identity:foot:377bae8a-c334-5d33-81ae-6c4186772d7d"",""approved_component_identity:ball:c95a7b7f-0cac-5513-b374-95cba442dca7"",""approved_meaning:data/adle/candidates/d4-mor-remaining-profiles/v1/closed-compounds-dictionary-pool-review.json#football.firstWordMeaning"",""approved_meaning:data/adle/candidates/d4-mor-remaining-profiles/v1/closed-compounds-dictionary-pool-review.json#football.secondWordMeaning"",""approved_whole_meaning:data/adle/candidates/d4-mor-remaining-profiles/v1/closed-compounds-dictionary-pool-review.json#football.definition"",""approved_dictation:data/adle/candidates/d4-mor-remaining-profiles/v1/closed-compounds-dictionary-pool-review.json#football.dictation"",""approved_assignment_eligibility:Production canonical_teaching_dictionary_compound_facts#football""]",approve_component_to_whole_relationship:football,Approve or amend the proposed component-to-whole relationship; no other governed fact needs review.,"[""approve_component_to_whole_relationship:football""]",semantic_relationship_review_only,,pending_human_review
D4_MOR_COMPOUND_WORDS_CLOSED_COMPOUNDS,grandmother,,proposed_for_review,closed,2,"[""grand"",""mother""]","[null,""6f8a5d74-5775-5048-88b0-4763da263be6""]","[""proposed_for_review"",""approved_existing_governed_reuse""]","[""in a family word, one generation before a parent"",""a female parent""]","[""proposed_for_review"",""proposed_for_review""]","[""none""]",the mother of one of your parents,proposed_for_review,A grandmother is the mother of one of your parents; grand shows she is one generation before your parent.,proposed_for_review,Mia wrote a letter to her grandmother.,proposed_for_review,6,7,exact_deterministic,true,proposed_for_review,"[{""kind"":""approved_compound_structure"",""value"":{""artifact"":""source-artifacts/2026-07-10-d4-mor/D4_MOR_content_workbook_v1.xlsx"",""sheet"":""Word Bank"",""row"":120,""approval_status"":""human_approved"",""human_review_status"":""approved"",""released_fact_provenance"":null,""released_fact_source"":null}},{""kind"":""governed_reuse"",""value"":""approved_structure:source-artifacts/2026-07-10-d4-mor/D4_MOR_content_workbook_v1.xlsx#row=120""},{""kind"":""governed_reuse"",""value"":""approved_component_identity:mother:6f8a5d74-5775-5048-88b0-4763da263be6""}]","[""approved_structure:source-artifacts/2026-07-10-d4-mor/D4_MOR_content_workbook_v1.xlsx#row=120"",""approved_component_identity:mother:6f8a5d74-5775-5048-88b0-4763da263be6""]",approve_whole_canonical_identity:grandmother | approve_component_canonical_identity:grand | approve_component_meaning:grand | approve_component_meaning:mother | approve_whole_meaning:grandmother | approve_component_to_whole_relationship:grandmother | approve_dictation_sentence:grandmother | approve_assignment_eligibility:grandmother | resolve_genuine_ambiguity:grandmother,"Approve append-only canonical rows for grandmother and grand; approve both component senses, the whole meaning, the component-to-whole relationship, the dictation, and assignment eligibility; confirm the family-generation sense of grand.","[""approve_whole_canonical_identity:grandmother"",""approve_component_canonical_identity:grand"",""approve_component_meaning:grand"",""approve_component_meaning:mother"",""approve_whole_meaning:grandmother"",""approve_component_to_whole_relationship:grandmother"",""approve_dictation_sentence:grandmother"",""approve_assignment_eligibility:grandmother"",""resolve_genuine_ambiguity:grandmother""]",multiple_review_items_required,"Confirm that grand uses the family-generation sense, not the common adjective sense meaning impressive or important.",pending_human_review
D4_MOR_COMPOUND_WORDS_CLOSED_COMPOUNDS,homework,,proposed_for_review,closed,2,"[""home"",""work""]","[""98a80cb8-1b07-5ab4-a5eb-f663f1979578"",""bbc78002-6a13-5653-b4ef-050e756879d7""]","[""approved_existing_governed_reuse"",""approved_existing_governed_reuse""]","[""the place where you live"",""to do a job or task""]","[""proposed_for_review"",""approved_existing_governed_reuse""]","[""none""]",school work that a teacher asks a pupil to do at home,proposed_for_review,"Homework is work, meaning a job or task, that a pupil does at home.",proposed_for_review,I finished my homework before tea.,proposed_for_review,3,4,exact_deterministic,true,proposed_for_review,"[{""kind"":""approved_compound_structure"",""value"":{""artifact"":""source-artifacts/2026-07-10-d4-mor/D4_MOR_content_workbook_v1.xlsx"",""sheet"":""Word Bank"",""row"":119,""approval_status"":""human_approved"",""human_review_status"":""approved"",""released_fact_provenance"":null,""released_fact_source"":null}},{""kind"":""governed_reuse"",""value"":""approved_structure:source-artifacts/2026-07-10-d4-mor/D4_MOR_content_workbook_v1.xlsx#row=119""},{""kind"":""governed_reuse"",""value"":""approved_component_identity:home:98a80cb8-1b07-5ab4-a5eb-f663f1979578""},{""kind"":""governed_reuse"",""value"":""approved_component_identity:work:bbc78002-6a13-5653-b4ef-050e756879d7""},{""kind"":""governed_reuse"",""value"":""approved_meaning:docs/implementation/seed-data/teaching-dictionary/releases/2026-08-09-base-word-family-meanings-v1/audit/family-meaning-audit.csv#work_en_gb""}]","[""approved_structure:source-artifacts/2026-07-10-d4-mor/D4_MOR_content_workbook_v1.xlsx#row=119"",""approved_component_identity:home:98a80cb8-1b07-5ab4-a5eb-f663f1979578"",""approved_component_identity:work:bbc78002-6a13-5653-b4ef-050e756879d7"",""approved_meaning:docs/implementation/seed-data/teaching-dictionary/releases/2026-08-09-base-word-family-meanings-v1/audit/family-meaning-audit.csv#work_en_gb""]",approve_whole_canonical_identity:homework | approve_component_meaning:home | approve_whole_meaning:homework | approve_component_to_whole_relationship:homework | approve_dictation_sentence:homework | approve_assignment_eligibility:homework,"Approve the append-only canonical homework row; approve the proposed home and whole meanings, component-to-whole relationship, dictation, and assignment eligibility; retain the governed work meaning.","[""approve_whole_canonical_identity:homework"",""approve_component_meaning:home"",""approve_whole_meaning:homework"",""approve_component_to_whole_relationship:homework"",""approve_dictation_sentence:homework"",""approve_assignment_eligibility:homework""]",multiple_review_items_required,,pending_human_review
D4_MOR_COMPOUND_WORDS_CLOSED_COMPOUNDS,playground,c4566186-8c4b-5c33-9755-5db34d1f110e,approved_existing_governed_reuse,closed,2,"[""play"",""ground""]","[""7824cfc5-f8c2-57ac-ba9e-d806161371e8"",""c17a1ace-38d0-59bd-a584-7ec3a9bc129e""]","[""approved_existing_governed_reuse"",""approved_existing_governed_reuse""]","[""to have fun with games or toys"",""the surface under your feet""]","[""approved_existing_governed_reuse"",""approved_existing_governed_reuse""]","[""none""]",an outdoor place where children play,approved_existing_governed_reuse,A playground is ground set aside for children to play on.,proposed_for_review,The children played in the playground.,approved_existing_governed_reuse,5,6,exact_deterministic,true,approved_existing_governed_reuse,"[{""kind"":""approved_compound_structure"",""value"":{""artifact"":""source-artifacts/2026-07-10-d4-mor/D4_MOR_content_workbook_v1.xlsx"",""sheet"":""Word Bank"",""row"":118,""approval_status"":""human_approved"",""human_review_status"":""approved"",""released_fact_provenance"":{""package_sha256"":""841f13b525f6be22274ad3fa0b40957e43f9fadae72ecc873003c38b32096547"",""approved_review_artifact"":""data/adle/candidates/d4-mor-remaining-profiles/v1/closed-compounds-dictionary-pool-review.json""},""released_fact_source"":{""sheet"":""closed-compounds-dictionary-pool-review.json"",""row"":5,""row_hash"":""fa108e050b7726eb62872e83fd4cb3873f57ad357d51ea16cd049ecf2380a8ca"",""review_status"":""approved_for_first_exposure""}}},{""kind"":""governed_reuse"",""value"":""approved_structure:source-artifacts/2026-07-10-d4-mor/D4_MOR_content_workbook_v1.xlsx#row=118""},{""kind"":""governed_reuse"",""value"":""approved_whole_identity:c4566186-8c4b-5c33-9755-5db34d1f110e""},{""kind"":""governed_reuse"",""value"":""approved_component_identity:play:7824cfc5-f8c2-57ac-ba9e-d806161371e8""},{""kind"":""governed_reuse"",""value"":""approved_component_identity:ground:c17a1ace-38d0-59bd-a584-7ec3a9bc129e""},{""kind"":""governed_reuse"",""value"":""approved_meaning:data/adle/candidates/d4-mor-remaining-profiles/v1/closed-compounds-dictionary-pool-review.json#playground.firstWordMeaning""},{""kind"":""governed_reuse"",""value"":""approved_meaning:data/adle/candidates/d4-mor-remaining-profiles/v1/closed-compounds-dictionary-pool-review.json#playground.secondWordMeaning""},{""kind"":""governed_reuse"",""value"":""approved_whole_meaning:data/adle/candidates/d4-mor-remaining-profiles/v1/closed-compounds-dictionary-pool-review.json#playground.definition""},{""kind"":""governed_reuse"",""value"":""approved_dictation:data/adle/candidates/d4-mor-remaining-profiles/v1/closed-compounds-dictionary-pool-review.json#playground.dictation""},{""kind"":""governed_reuse"",""value"":""approved_assignment_eligibility:Production canonical_teaching_dictionary_compound_facts#playground""}]","[""approved_structure:source-artifacts/2026-07-10-d4-mor/D4_MOR_content_workbook_v1.xlsx#row=118"",""approved_whole_identity:c4566186-8c4b-5c33-9755-5db34d1f110e"",""approved_component_identity:play:7824cfc5-f8c2-57ac-ba9e-d806161371e8"",""approved_component_identity:ground:c17a1ace-38d0-59bd-a584-7ec3a9bc129e"",""approved_meaning:data/adle/candidates/d4-mor-remaining-profiles/v1/closed-compounds-dictionary-pool-review.json#playground.firstWordMeaning"",""approved_meaning:data/adle/candidates/d4-mor-remaining-profiles/v1/closed-compounds-dictionary-pool-review.json#playground.secondWordMeaning"",""approved_whole_meaning:data/adle/candidates/d4-mor-remaining-profiles/v1/closed-compounds-dictionary-pool-review.json#playground.definition"",""approved_dictation:data/adle/candidates/d4-mor-remaining-profiles/v1/closed-compounds-dictionary-pool-review.json#playground.dictation"",""approved_assignment_eligibility:Production canonical_teaching_dictionary_compound_facts#playground""]",approve_component_to_whole_relationship:playground,Approve or amend the proposed component-to-whole relationship; no other governed fact needs review.,"[""approve_component_to_whole_relationship:playground""]",semantic_relationship_review_only,,pending_human_review
D4_MOR_COMPOUND_WORDS_CLOSED_COMPOUNDS,rainbow,a6a30d2e-cd03-543e-b7cf-f8020bf9dbd9,approved_existing_governed_reuse,closed,2,"[""rain"",""bow""]","[""369d9884-1928-53ca-97ea-6d9c3e6a46ca"",""5d62fd50-5ec5-5e1d-9548-5c3c30ef4229""]","[""approved_existing_governed_reuse"",""approved_existing_governed_reuse""]","[""water that falls from clouds"",""a curved shape""]","[""approved_existing_governed_reuse"",""approved_existing_governed_reuse""]","[""none""]",a curved band of colours seen in the sky after rain,approved_existing_governed_reuse,A rainbow is a bow-shaped curve of colours that appears with rain.,proposed_for_review,A rainbow appeared after rain.,approved_existing_governed_reuse,1,2,exact_deterministic,true,approved_existing_governed_reuse,"[{""kind"":""approved_compound_structure"",""value"":{""artifact"":""source-artifacts/2026-07-10-d4-mor/D4_MOR_content_workbook_v1.xlsx"",""sheet"":""Word Bank"",""row"":115,""approval_status"":""human_approved"",""human_review_status"":""approved"",""released_fact_provenance"":{""package_sha256"":""841f13b525f6be22274ad3fa0b40957e43f9fadae72ecc873003c38b32096547"",""approved_review_artifact"":""data/adle/candidates/d4-mor-remaining-profiles/v1/closed-compounds-dictionary-pool-review.json""},""released_fact_source"":{""sheet"":""closed-compounds-dictionary-pool-review.json"",""row"":6,""row_hash"":""452b341900d2babfc984a7a8aecee4363fc95aed9e582dd590e5b511dd851ac7"",""review_status"":""approved_for_first_exposure""}}},{""kind"":""governed_reuse"",""value"":""approved_structure:source-artifacts/2026-07-10-d4-mor/D4_MOR_content_workbook_v1.xlsx#row=115""},{""kind"":""governed_reuse"",""value"":""approved_whole_identity:a6a30d2e-cd03-543e-b7cf-f8020bf9dbd9""},{""kind"":""governed_reuse"",""value"":""approved_component_identity:rain:369d9884-1928-53ca-97ea-6d9c3e6a46ca""},{""kind"":""governed_reuse"",""value"":""approved_component_identity:bow:5d62fd50-5ec5-5e1d-9548-5c3c30ef4229""},{""kind"":""governed_reuse"",""value"":""approved_meaning:data/adle/candidates/d4-mor-remaining-profiles/v1/closed-compounds-dictionary-pool-review.json#rainbow.firstWordMeaning""},{""kind"":""governed_reuse"",""value"":""approved_meaning:data/adle/candidates/d4-mor-remaining-profiles/v1/closed-compounds-dictionary-pool-review.json#rainbow.secondWordMeaning""},{""kind"":""governed_reuse"",""value"":""approved_whole_meaning:data/adle/candidates/d4-mor-remaining-profiles/v1/closed-compounds-dictionary-pool-review.json#rainbow.definition""},{""kind"":""governed_reuse"",""value"":""approved_dictation:data/adle/candidates/d4-mor-remaining-profiles/v1/closed-compounds-dictionary-pool-review.json#rainbow.dictation""},{""kind"":""governed_reuse"",""value"":""approved_assignment_eligibility:Production canonical_teaching_dictionary_compound_facts#rainbow""}]","[""approved_structure:source-artifacts/2026-07-10-d4-mor/D4_MOR_content_workbook_v1.xlsx#row=115"",""approved_whole_identity:a6a30d2e-cd03-543e-b7cf-f8020bf9dbd9"",""approved_component_identity:rain:369d9884-1928-53ca-97ea-6d9c3e6a46ca"",""approved_component_identity:bow:5d62fd50-5ec5-5e1d-9548-5c3c30ef4229"",""approved_meaning:data/adle/candidates/d4-mor-remaining-profiles/v1/closed-compounds-dictionary-pool-review.json#rainbow.firstWordMeaning"",""approved_meaning:data/adle/candidates/d4-mor-remaining-profiles/v1/closed-compounds-dictionary-pool-review.json#rainbow.secondWordMeaning"",""approved_whole_meaning:data/adle/candidates/d4-mor-remaining-profiles/v1/closed-compounds-dictionary-pool-review.json#rainbow.definition"",""approved_dictation:data/adle/candidates/d4-mor-remaining-profiles/v1/closed-compounds-dictionary-pool-review.json#rainbow.dictation"",""approved_assignment_eligibility:Production canonical_teaching_dictionary_compound_facts#rainbow""]",approve_component_to_whole_relationship:rainbow,Approve or amend the proposed component-to-whole relationship; no other governed fact needs review.,"[""approve_component_to_whole_relationship:rainbow""]",semantic_relationship_review_only,,pending_human_review
D4_MOR_COMPOUND_WORDS_CLOSED_COMPOUNDS,sunflower,,proposed_for_review,closed,2,"[""sun"",""flower""]","[""ef54e01f-d0d4-5bc7-b518-c1a56b341554"",""7133c536-ab7f-523a-a760-5c26ee1b934f""]","[""approved_existing_governed_reuse"",""approved_existing_governed_reuse""]","[""the star that gives Earth light and heat"",""the part of a plant that is often brightly coloured and makes seeds""]","[""approved_existing_governed_reuse"",""proposed_for_review""]","[""none""]",a tall plant with a large yellow flower head,proposed_for_review,A sunflower is a flower with a large yellow head that looks like the sun.,proposed_for_review,The sunflower grew beside the fence.,proposed_for_review,1,2,exact_deterministic,true,proposed_for_review,"[{""kind"":""approved_compound_structure"",""value"":{""artifact"":""source-artifacts/2026-07-10-d4-mor/D4_MOR_content_workbook_v1.xlsx"",""sheet"":""Word Bank"",""row"":117,""approval_status"":""human_approved"",""human_review_status"":""approved"",""released_fact_provenance"":null,""released_fact_source"":null}},{""kind"":""governed_reuse"",""value"":""approved_structure:source-artifacts/2026-07-10-d4-mor/D4_MOR_content_workbook_v1.xlsx#row=117""},{""kind"":""governed_reuse"",""value"":""approved_component_identity:sun:ef54e01f-d0d4-5bc7-b518-c1a56b341554""},{""kind"":""governed_reuse"",""value"":""approved_component_identity:flower:7133c536-ab7f-523a-a760-5c26ee1b934f""},{""kind"":""governed_reuse"",""value"":""approved_meaning:docs/implementation/seed-data/teaching-dictionary/releases/2026-08-09-base-word-family-meanings-v1/audit/family-meaning-audit.csv#sun_en_gb""}]","[""approved_structure:source-artifacts/2026-07-10-d4-mor/D4_MOR_content_workbook_v1.xlsx#row=117"",""approved_component_identity:sun:ef54e01f-d0d4-5bc7-b518-c1a56b341554"",""approved_component_identity:flower:7133c536-ab7f-523a-a760-5c26ee1b934f"",""approved_meaning:docs/implementation/seed-data/teaching-dictionary/releases/2026-08-09-base-word-family-meanings-v1/audit/family-meaning-audit.csv#sun_en_gb""]",approve_whole_canonical_identity:sunflower | approve_component_meaning:flower | approve_whole_meaning:sunflower | approve_component_to_whole_relationship:sunflower | approve_dictation_sentence:sunflower | approve_assignment_eligibility:sunflower,"Approve the append-only canonical sunflower row; approve the proposed flower and whole meanings, component-to-whole relationship, dictation, and assignment eligibility; retain the governed sun meaning.","[""approve_whole_canonical_identity:sunflower"",""approve_component_meaning:flower"",""approve_whole_meaning:sunflower"",""approve_component_to_whole_relationship:sunflower"",""approve_dictation_sentence:sunflower"",""approve_assignment_eligibility:sunflower""]",multiple_review_items_required,,pending_human_review
D4_MOR_COMPOUND_WORDS_SEPARATED_HYPHENATED,ice cream,f760df54-4322-53f3-94ea-a9f795808871,approved_existing_governed_reuse,open,2,"[""ice"",""cream""]","[""39013043-2bb2-50c5-b00f-e0eec697206f"",null]","[""approved_existing_governed_reuse"",""proposed_for_review""]","[""water that has frozen solid"",""the thick, rich part of milk""]","[""proposed_for_review"",""proposed_for_review""]","[""space""]",a sweet frozen food made mainly from milk or cream,proposed_for_review,"Ice cream is a cold, creamy food; ice points to its frozen state and cream to its milk ingredient.",proposed_for_review,We had ice cream after the park.,approved_existing_governed_reuse,2,4,exact_deterministic,true,proposed_for_review,"[{""kind"":""approved_compound_structure"",""value"":{""artifact"":""source-artifacts/2026-07-10-d4-mor/D4_MOR_content_workbook_v1.xlsx"",""sheet"":""Word Bank"",""row"":121,""approval_status"":""human_approved"",""human_review_status"":""approved"",""released_fact_provenance"":null,""released_fact_source"":null}},{""kind"":""governed_reuse"",""value"":""approved_structure:source-artifacts/2026-07-10-d4-mor/D4_MOR_content_workbook_v1.xlsx#row=121""},{""kind"":""governed_reuse"",""value"":""approved_whole_identity:f760df54-4322-53f3-94ea-a9f795808871""},{""kind"":""governed_reuse"",""value"":""approved_component_identity:ice:39013043-2bb2-50c5-b00f-e0eec697206f""},{""kind"":""governed_reuse"",""value"":""approved_dictation:docs/implementation/seed-data/teaching-dictionary/candidates/2026-06-29-phase-5-source-intake/csv/dictation_sentences.csv#ice_cream_en_gb""}]","[""approved_structure:source-artifacts/2026-07-10-d4-mor/D4_MOR_content_workbook_v1.xlsx#row=121"",""approved_whole_identity:f760df54-4322-53f3-94ea-a9f795808871"",""approved_component_identity:ice:39013043-2bb2-50c5-b00f-e0eec697206f"",""approved_dictation:docs/implementation/seed-data/teaching-dictionary/candidates/2026-06-29-phase-5-source-intake/csv/dictation_sentences.csv#ice_cream_en_gb""]",approve_component_canonical_identity:cream | approve_component_meaning:ice | approve_component_meaning:cream | approve_whole_meaning:ice cream | approve_component_to_whole_relationship:ice cream | approve_assignment_eligibility:ice cream,"Approve the append-only canonical cream row; approve both component meanings, the whole meaning, the component-to-whole relationship, and assignment eligibility; retain the governed ice cream identity, dictation, and deterministic two-token span.","[""approve_component_canonical_identity:cream"",""approve_component_meaning:ice"",""approve_component_meaning:cream"",""approve_whole_meaning:ice cream"",""approve_component_to_whole_relationship:ice cream"",""approve_assignment_eligibility:ice cream""]",multiple_review_items_required,,pending_human_review
D4_MOR_COMPOUND_WORDS_SEPARATED_HYPHENATED,living room,,proposed_for_review,open,2,"[""living"",""room""]","[null,""6edd2d51-c382-5f75-961b-eac559db8dd0""]","[""proposed_for_review"",""approved_existing_governed_reuse""]","[""everyday life or the way people live"",""a space inside a building""]","[""proposed_for_review"",""approved_existing_governed_reuse""]","[""space""]",a room in a home where people sit and spend time together,proposed_for_review,A living room is a room where people spend everyday time together at home.,proposed_for_review,We read together in the living room.,proposed_for_review,5,7,exact_deterministic,true,proposed_for_review,"[{""kind"":""approved_compound_structure"",""value"":{""artifact"":""source-artifacts/2026-07-10-d4-mor/D4_MOR_content_workbook_v1.xlsx"",""sheet"":""Word Bank"",""row"":122,""approval_status"":""human_approved"",""human_review_status"":""approved"",""released_fact_provenance"":null,""released_fact_source"":null}},{""kind"":""governed_reuse"",""value"":""approved_structure:source-artifacts/2026-07-10-d4-mor/D4_MOR_content_workbook_v1.xlsx#row=122""},{""kind"":""governed_reuse"",""value"":""approved_component_identity:room:6edd2d51-c382-5f75-961b-eac559db8dd0""},{""kind"":""governed_reuse"",""value"":""approved_meaning:data/adle/candidates/d4-mor-remaining-profiles/v1/closed-compounds-dictionary-pool-review.json#bedroom.secondWordMeaning""}]","[""approved_structure:source-artifacts/2026-07-10-d4-mor/D4_MOR_content_workbook_v1.xlsx#row=122"",""approved_component_identity:room:6edd2d51-c382-5f75-961b-eac559db8dd0"",""approved_meaning:data/adle/candidates/d4-mor-remaining-profiles/v1/closed-compounds-dictionary-pool-review.json#bedroom.secondWordMeaning""]",approve_whole_canonical_identity:living room | approve_component_canonical_identity:living | approve_component_meaning:living | approve_whole_meaning:living room | approve_component_to_whole_relationship:living room | approve_dictation_sentence:living room | approve_assignment_eligibility:living room,"Approve append-only canonical rows for living room and living; approve the proposed living and whole meanings, component-to-whole relationship, dictation, and assignment eligibility; retain the governed room sense.","[""approve_whole_canonical_identity:living room"",""approve_component_canonical_identity:living"",""approve_component_meaning:living"",""approve_whole_meaning:living room"",""approve_component_to_whole_relationship:living room"",""approve_dictation_sentence:living room"",""approve_assignment_eligibility:living room""]",multiple_review_items_required,,pending_human_review
D4_MOR_COMPOUND_WORDS_SEPARATED_HYPHENATED,mother-in-law,,proposed_for_review,hyphenated,3,"[""mother"",""in"",""law""]","[""6f8a5d74-5775-5048-88b0-4763da263be6"",null,null]","[""approved_existing_governed_reuse"",""proposed_for_review"",""proposed_for_review""]","[""a female parent"",""a linking word inside the fixed family phrase in-law"",""the system of rules that a community must follow""]","[""proposed_for_review"",""proposed_for_review"",""proposed_for_review""]","[""hyphen"",""hyphen""]",the mother of a person's husband or wife,proposed_for_review,A mother-in-law is a mother connected to someone through marriage; the fixed part in-law shows that family link.,proposed_for_review,Her mother-in-law came for lunch.,proposed_for_review,1,2,exact_deterministic,true,proposed_for_review,"[{""kind"":""approved_compound_structure"",""value"":{""artifact"":""source-artifacts/2026-07-10-d4-mor/D4_MOR_content_workbook_v1.xlsx"",""sheet"":""Word Bank"",""row"":127,""approval_status"":""human_approved"",""human_review_status"":""approved"",""released_fact_provenance"":null,""released_fact_source"":null}},{""kind"":""governed_reuse"",""value"":""approved_structure:source-artifacts/2026-07-10-d4-mor/D4_MOR_content_workbook_v1.xlsx#row=127""},{""kind"":""governed_reuse"",""value"":""approved_component_identity:mother:6f8a5d74-5775-5048-88b0-4763da263be6""}]","[""approved_structure:source-artifacts/2026-07-10-d4-mor/D4_MOR_content_workbook_v1.xlsx#row=127"",""approved_component_identity:mother:6f8a5d74-5775-5048-88b0-4763da263be6""]",approve_whole_canonical_identity:mother-in-law | approve_component_canonical_identity:in | approve_component_canonical_identity:law | approve_component_meaning:mother | approve_component_meaning:in | approve_component_meaning:law | approve_whole_meaning:mother-in-law | approve_component_to_whole_relationship:mother-in-law | approve_dictation_sentence:mother-in-law | approve_assignment_eligibility:mother-in-law | resolve_genuine_ambiguity:mother-in-law,"Approve append-only canonical rows for mother-in-law, in, and law; approve all component treatments, the whole meaning, component-to-whole relationship, dictation, and assignment eligibility; decide the exact child-facing treatment of the fixed unit in-law.","[""approve_whole_canonical_identity:mother-in-law"",""approve_component_canonical_identity:in"",""approve_component_canonical_identity:law"",""approve_component_meaning:mother"",""approve_component_meaning:in"",""approve_component_meaning:law"",""approve_whole_meaning:mother-in-law"",""approve_component_to_whole_relationship:mother-in-law"",""approve_dictation_sentence:mother-in-law"",""approve_assignment_eligibility:mother-in-law"",""resolve_genuine_ambiguity:mother-in-law""]",multiple_review_items_required,Confirm the grammatical treatment of in and the non-literal role of law inside the fixed unit in-law; do not teach their ordinary meanings as a literal sum.,pending_human_review
D4_MOR_COMPOUND_WORDS_SEPARATED_HYPHENATED,part-time,,proposed_for_review,hyphenated,2,"[""part"",""time""]","[null,""a08c0b36-d678-5222-b33e-0b234fbeb7b4""]","[""proposed_for_review"",""approved_existing_governed_reuse""]","[""some, but not all, of something"",""the hours spent doing an activity""]","[""proposed_for_review"",""proposed_for_review""]","[""hyphen""]",for fewer hours than a full-time job or course,proposed_for_review,Part-time work or study takes only part of the usual working time.,proposed_for_review,Dad works part-time at the library.,proposed_for_review,2,3,exact_deterministic,true,proposed_for_review,"[{""kind"":""approved_compound_structure"",""value"":{""artifact"":""source-artifacts/2026-07-10-d4-mor/D4_MOR_content_workbook_v1.xlsx"",""sheet"":""Word Bank"",""row"":125,""approval_status"":""human_approved"",""human_review_status"":""approved"",""released_fact_provenance"":null,""released_fact_source"":null}},{""kind"":""governed_reuse"",""value"":""approved_structure:source-artifacts/2026-07-10-d4-mor/D4_MOR_content_workbook_v1.xlsx#row=125""},{""kind"":""governed_reuse"",""value"":""approved_component_identity:time:a08c0b36-d678-5222-b33e-0b234fbeb7b4""}]","[""approved_structure:source-artifacts/2026-07-10-d4-mor/D4_MOR_content_workbook_v1.xlsx#row=125"",""approved_component_identity:time:a08c0b36-d678-5222-b33e-0b234fbeb7b4""]",approve_whole_canonical_identity:part-time | approve_component_canonical_identity:part | approve_component_meaning:part | approve_component_meaning:time | approve_whole_meaning:part-time | approve_component_to_whole_relationship:part-time | approve_dictation_sentence:part-time | approve_assignment_eligibility:part-time,"Approve append-only canonical rows for part-time and part; approve both component meanings, the whole meaning, component-to-whole relationship, dictation, and assignment eligibility.","[""approve_whole_canonical_identity:part-time"",""approve_component_canonical_identity:part"",""approve_component_meaning:part"",""approve_component_meaning:time"",""approve_whole_meaning:part-time"",""approve_component_to_whole_relationship:part-time"",""approve_dictation_sentence:part-time"",""approve_assignment_eligibility:part-time""]",multiple_review_items_required,,pending_human_review
D4_MOR_COMPOUND_WORDS_SEPARATED_HYPHENATED,post office,,proposed_for_review,open,2,"[""post"",""office""]","[""518da046-6e4c-56c5-ba5c-9fd0850d4738"",null]","[""approved_existing_governed_reuse"",""proposed_for_review""]","[""letters and parcels that are sent and delivered"",""a room or place where people do work""]","[""proposed_for_review"",""proposed_for_review""]","[""space""]",a place where letters and parcels are sent and collected,proposed_for_review,A post office is an office where people send and collect post.,proposed_for_review,We bought stamps at the post office.,proposed_for_review,5,7,exact_deterministic,true,proposed_for_review,"[{""kind"":""approved_compound_structure"",""value"":{""artifact"":""source-artifacts/2026-07-10-d4-mor/D4_MOR_content_workbook_v1.xlsx"",""sheet"":""Word Bank"",""row"":126,""approval_status"":""human_approved"",""human_review_status"":""approved"",""released_fact_provenance"":null,""released_fact_source"":null}},{""kind"":""governed_reuse"",""value"":""approved_structure:source-artifacts/2026-07-10-d4-mor/D4_MOR_content_workbook_v1.xlsx#row=126""},{""kind"":""governed_reuse"",""value"":""approved_component_identity:post:518da046-6e4c-56c5-ba5c-9fd0850d4738""}]","[""approved_structure:source-artifacts/2026-07-10-d4-mor/D4_MOR_content_workbook_v1.xlsx#row=126"",""approved_component_identity:post:518da046-6e4c-56c5-ba5c-9fd0850d4738""]",approve_whole_canonical_identity:post office | approve_component_canonical_identity:office | approve_component_meaning:post | approve_component_meaning:office | approve_whole_meaning:post office | approve_component_to_whole_relationship:post office | approve_dictation_sentence:post office | approve_assignment_eligibility:post office,"Approve append-only canonical rows for post office and office; approve the noun sense of post, the office and whole meanings, component-to-whole relationship, dictation, and assignment eligibility.","[""approve_whole_canonical_identity:post office"",""approve_component_canonical_identity:office"",""approve_component_meaning:post"",""approve_component_meaning:office"",""approve_whole_meaning:post office"",""approve_component_to_whole_relationship:post office"",""approve_dictation_sentence:post office"",""approve_assignment_eligibility:post office""]",multiple_review_items_required,,pending_human_review
D4_MOR_COMPOUND_WORDS_SEPARATED_HYPHENATED,twenty-one,d652ffba-1ab7-5027-81e1-77275214ceaf,approved_existing_governed_reuse,hyphenated,2,"[""twenty"",""one""]","[null,""e9be258c-42ea-5876-9b94-dd3706e5d4d8""]","[""proposed_for_review"",""approved_existing_governed_reuse""]","[""the number 20"",""the number 1""]","[""proposed_for_review"",""approved_existing_governed_reuse""]","[""hyphen""]",twenty and one more: the number 21,approved_existing_governed_reuse,Twenty-one combines twenty and one to make the number 21.,proposed_for_review,There are twenty-one children in our class.,approved_existing_governed_reuse,2,3,exact_deterministic,true,proposed_for_review,"[{""kind"":""approved_compound_structure"",""value"":{""artifact"":""source-artifacts/2026-07-10-d4-mor/D4_MOR_content_workbook_v1.xlsx"",""sheet"":""Word Bank"",""row"":123,""approval_status"":""human_approved"",""human_review_status"":""approved"",""released_fact_provenance"":null,""released_fact_source"":null}},{""kind"":""governed_reuse"",""value"":""approved_structure:source-artifacts/2026-07-10-d4-mor/D4_MOR_content_workbook_v1.xlsx#row=123""},{""kind"":""governed_reuse"",""value"":""approved_whole_identity:d652ffba-1ab7-5027-81e1-77275214ceaf""},{""kind"":""governed_reuse"",""value"":""approved_component_identity:one:e9be258c-42ea-5876-9b94-dd3706e5d4d8""},{""kind"":""governed_reuse"",""value"":""approved_meaning:docs/implementation/seed-data/teaching-dictionary/releases/2026-08-09-base-word-family-meanings-v1/audit/family-meaning-audit.csv#one_en_gb""},{""kind"":""governed_reuse"",""value"":""approved_whole_meaning:Production canonical_teaching_dictionary_base_word_family_members#twenty-one""},{""kind"":""governed_reuse"",""value"":""approved_dictation:docs/implementation/seed-data/teaching-dictionary/candidates/2026-06-29-phase-5-source-intake/csv/dictation_sentences.csv#twenty_one_en_gb""}]","[""approved_structure:source-artifacts/2026-07-10-d4-mor/D4_MOR_content_workbook_v1.xlsx#row=123"",""approved_whole_identity:d652ffba-1ab7-5027-81e1-77275214ceaf"",""approved_component_identity:one:e9be258c-42ea-5876-9b94-dd3706e5d4d8"",""approved_meaning:docs/implementation/seed-data/teaching-dictionary/releases/2026-08-09-base-word-family-meanings-v1/audit/family-meaning-audit.csv#one_en_gb"",""approved_whole_meaning:Production canonical_teaching_dictionary_base_word_family_members#twenty-one"",""approved_dictation:docs/implementation/seed-data/teaching-dictionary/candidates/2026-06-29-phase-5-source-intake/csv/dictation_sentences.csv#twenty_one_en_gb""]",approve_component_canonical_identity:twenty | approve_component_meaning:twenty | approve_component_to_whole_relationship:twenty-one | approve_assignment_eligibility:twenty-one,"Approve the append-only canonical twenty row; approve its component meaning, the proposed component-to-whole relationship, and assignment eligibility; retain the governed whole identity, one meaning, whole meaning, dictation, and exact hyphenated span.","[""approve_component_canonical_identity:twenty"",""approve_component_meaning:twenty"",""approve_component_to_whole_relationship:twenty-one"",""approve_assignment_eligibility:twenty-one""]",multiple_review_items_required,,pending_human_review
D4_MOR_COMPOUND_WORDS_SEPARATED_HYPHENATED,well-known,,proposed_for_review,hyphenated,2,"[""well"",""known""]","[""6efd4600-f744-5e18-b522-33a6c59154c3"",null]","[""approved_existing_governed_reuse"",""proposed_for_review""]","[""to a great degree"",""recognised or familiar to people""]","[""proposed_for_review"",""proposed_for_review""]","[""hyphen""]",known by many people,proposed_for_review,Something well-known is known well enough to be recognised by many people.,proposed_for_review,The castle is a well-known landmark.,proposed_for_review,4,5,exact_deterministic,true,proposed_for_review,"[{""kind"":""approved_compound_structure"",""value"":{""artifact"":""source-artifacts/2026-07-10-d4-mor/D4_MOR_content_workbook_v1.xlsx"",""sheet"":""Word Bank"",""row"":124,""approval_status"":""human_approved"",""human_review_status"":""approved"",""released_fact_provenance"":null,""released_fact_source"":null}},{""kind"":""governed_reuse"",""value"":""approved_structure:source-artifacts/2026-07-10-d4-mor/D4_MOR_content_workbook_v1.xlsx#row=124""},{""kind"":""governed_reuse"",""value"":""approved_component_identity:well:6efd4600-f744-5e18-b522-33a6c59154c3""}]","[""approved_structure:source-artifacts/2026-07-10-d4-mor/D4_MOR_content_workbook_v1.xlsx#row=124"",""approved_component_identity:well:6efd4600-f744-5e18-b522-33a6c59154c3""]",approve_whole_canonical_identity:well-known | approve_component_canonical_identity:known | approve_component_meaning:well | approve_component_meaning:known | approve_whole_meaning:well-known | approve_component_to_whole_relationship:well-known | approve_dictation_sentence:well-known | approve_assignment_eligibility:well-known,"Approve append-only canonical rows for well-known and known; approve the adverb sense of well, the known and whole meanings, component-to-whole relationship, dictation, and assignment eligibility.","[""approve_whole_canonical_identity:well-known"",""approve_component_canonical_identity:known"",""approve_component_meaning:well"",""approve_component_meaning:known"",""approve_whole_meaning:well-known"",""approve_component_to_whole_relationship:well-known"",""approve_dictation_sentence:well-known"",""approve_assignment_eligibility:well-known""]",multiple_review_items_required,,pending_human_review
