approval_group,action_type,micro_skill_key,word_key,lesson_word,base_word,current_value,proposed_value,current_state,release_approval,reviewer_decision,reviewer_name,reviewed_at,review_notes
prefix_lifecycle_support_v1,generic_support_mapping,D4_MOR_PREFIXES_DIS_MIS,disagree_en_gb,disagree,agree,not having the same opinion,support_role=support_example; row_status=active; review_status=approved_for_first_exposure,missing,pending_human_approval,,,,Create reviewed generic support mapping from the approved Prefix member.
prefix_lifecycle_support_v1,generic_support_mapping,D4_MOR_PREFIXES_DIS_MIS,disappear_en_gb,disappear,appear,go out of sight,support_role=support_example; row_status=active; review_status=approved_for_first_exposure,active/in_review,pending_human_approval,,,,Promote existing reviewed-source support mapping.
prefix_lifecycle_support_v1,generic_support_mapping,D4_MOR_PREFIXES_DIS_MIS,dishonest_en_gb,dishonest,honest,not honest,support_role=support_example; row_status=active; review_status=approved_for_first_exposure,missing,pending_human_approval,,,,Create reviewed generic support mapping from the approved Prefix member.
prefix_lifecycle_support_v1,generic_support_mapping,D4_MOR_PREFIXES_DIS_MIS,dissatisfied_en_gb,dissatisfied,satisfy,not pleased,support_role=support_example; row_status=active; review_status=approved_for_first_exposure,missing,pending_human_approval,,,,Create reviewed generic support mapping from the approved Prefix member.
prefix_lifecycle_support_v1,generic_support_mapping,D4_MOR_PREFIXES_DIS_MIS,misbehave_en_gb,misbehave,behave,behave badly,support_role=support_example; row_status=active; review_status=approved_for_first_exposure,missing,pending_human_approval,,,,Create reviewed generic support mapping from the approved Prefix member.
prefix_lifecycle_support_v1,generic_support_mapping,D4_MOR_PREFIXES_DIS_MIS,mislead_en_gb,mislead,lead,lead someone the wrong way,support_role=support_example; row_status=active; review_status=approved_for_first_exposure,missing,pending_human_approval,,,,Create reviewed generic support mapping from the approved Prefix member.
prefix_lifecycle_support_v1,generic_support_mapping,D4_MOR_PREFIXES_DIS_MIS,misspell_en_gb,misspell,spell,spell wrongly,support_role=support_example; row_status=active; review_status=approved_for_first_exposure,missing,pending_human_approval,,,,Create reviewed generic support mapping from the approved Prefix member.
prefix_lifecycle_support_v1,generic_support_mapping,D4_MOR_PREFIXES_IN_IM_IL_IR,illegal_en_gb,illegal,legal,not allowed by law or rules,support_role=support_example; row_status=active; review_status=approved_for_first_exposure,active/in_review,pending_human_approval,,,,Promote existing reviewed-source support mapping.
prefix_lifecycle_support_v1,generic_support_mapping,D4_MOR_PREFIXES_IN_IM_IL_IR,impatient_en_gb,impatient,patient,unable to wait calmly,support_role=support_example; row_status=active; review_status=approved_for_first_exposure,missing,pending_human_approval,,,,Create reviewed generic support mapping from the approved Prefix member.
prefix_lifecycle_support_v1,generic_support_mapping,D4_MOR_PREFIXES_IN_IM_IL_IR,impossible_en_gb,impossible,possible,not able to happen or be done,support_role=support_example; row_status=active; review_status=approved_for_first_exposure,active/in_review,pending_human_approval,,,,Promote existing reviewed-source support mapping.
prefix_lifecycle_support_v1,generic_support_mapping,D4_MOR_PREFIXES_IN_IM_IL_IR,incorrect_en_gb,incorrect,correct,not right,support_role=support_example; row_status=active; review_status=approved_for_first_exposure,active/in_review,pending_human_approval,,,,Promote existing reviewed-source support mapping.
prefix_lifecycle_support_v1,generic_support_mapping,D4_MOR_PREFIXES_IN_IM_IL_IR,invisible_en_gb,invisible,visible,unable to be seen,support_role=support_example; row_status=active; review_status=approved_for_first_exposure,missing,pending_human_approval,,,,Create reviewed generic support mapping from the approved Prefix member.
prefix_lifecycle_support_v1,generic_support_mapping,D4_MOR_PREFIXES_IN_IM_IL_IR,irregular_en_gb,irregular,regular,not even or following the usual pattern,support_role=support_example; row_status=active; review_status=approved_for_first_exposure,active/in_review,pending_human_approval,,,,Promote existing reviewed-source support mapping.
prefix_lifecycle_support_v1,generic_support_mapping,D4_MOR_PREFIXES_IN_IM_IL_IR,irresponsible_en_gb,irresponsible,responsible,not showing sensible care,support_role=support_example; row_status=active; review_status=approved_for_first_exposure,missing,pending_human_approval,,,,Create reviewed generic support mapping from the approved Prefix member.
prefix_lifecycle_support_v1,generic_support_mapping,D4_MOR_PREFIXES_RE_PRE,predict_en_gb,predict,dict,say what you think will happen,support_role=support_example; row_status=active; review_status=approved_for_first_exposure,missing,pending_human_approval,,,,Create reviewed generic support mapping from the approved Prefix member.
prefix_lifecycle_support_v1,generic_support_mapping,D4_MOR_PREFIXES_RE_PRE,preheat_en_gb,preheat,heat,heat before using,support_role=support_example; row_status=active; review_status=approved_for_first_exposure,active/in_review,pending_human_approval,,,,Promote existing reviewed-source support mapping.
prefix_lifecycle_support_v1,generic_support_mapping,D4_MOR_PREFIXES_RE_PRE,preschool_en_gb,preschool,school,a school for children before primary school,support_role=support_example; row_status=active; review_status=approved_for_first_exposure,missing,pending_human_approval,,,,Create reviewed generic support mapping from the approved Prefix member.
prefix_lifecycle_support_v1,generic_support_mapping,D4_MOR_PREFIXES_RE_PRE,preview_en_gb,preview,view,see before the full thing,support_role=support_example; row_status=active; review_status=approved_for_first_exposure,active/in_review,pending_human_approval,,,,Promote existing reviewed-source support mapping.
prefix_lifecycle_support_v1,generic_support_mapping,D4_MOR_PREFIXES_RE_PRE,rebuild_en_gb,rebuild,build,build again,support_role=support_example; row_status=active; review_status=approved_for_first_exposure,missing,pending_human_approval,,,,Create reviewed generic support mapping from the approved Prefix member.
prefix_lifecycle_support_v1,generic_support_mapping,D4_MOR_PREFIXES_RE_PRE,replay_en_gb,replay,play,play again,support_role=support_example; row_status=active; review_status=approved_for_first_exposure,active/in_review,pending_human_approval,,,,Promote existing reviewed-source support mapping.
prefix_lifecycle_support_v1,generic_support_mapping,D4_MOR_PREFIXES_RE_PRE,return_en_gb,return,turn,go or give back,support_role=support_example; row_status=active; review_status=approved_for_first_exposure,missing,pending_human_approval,,,,Create reviewed generic support mapping from the approved Prefix member.
prefix_lifecycle_support_v1,generic_support_mapping,D4_MOR_PREFIXES_SUB_INTER_SUPER,interact_en_gb,interact,act,act or communicate with each other,support_role=support_example; row_status=active; review_status=approved_for_first_exposure,active/in_review,pending_human_approval,,,,Promote existing reviewed-source support mapping.
prefix_lifecycle_support_v1,generic_support_mapping,D4_MOR_PREFIXES_SUB_INTER_SUPER,international_en_gb,international,nation,involving more than one country,support_role=support_example; row_status=active; review_status=approved_for_first_exposure,missing,pending_human_approval,,,,Create reviewed generic support mapping from the approved Prefix member.
prefix_lifecycle_support_v1,generic_support_mapping,D4_MOR_PREFIXES_SUB_INTER_SUPER,subheading_en_gb,subheading,heading,a smaller heading under a main heading,support_role=support_example; row_status=active; review_status=approved_for_first_exposure,missing,pending_human_approval,,,,Create reviewed generic support mapping from the approved Prefix member.
prefix_lifecycle_support_v1,generic_support_mapping,D4_MOR_PREFIXES_SUB_INTER_SUPER,submarine_en_gb,submarine,marine,a boat that travels under the sea,support_role=support_example; row_status=active; review_status=approved_for_first_exposure,active/in_review,pending_human_approval,,,,Promote existing reviewed-source support mapping.
prefix_lifecycle_support_v1,generic_support_mapping,D4_MOR_PREFIXES_SUB_INTER_SUPER,subway_en_gb,subway,way,an underground railway,support_role=support_example; row_status=active; review_status=approved_for_first_exposure,missing,pending_human_approval,,,,Create reviewed generic support mapping from the approved Prefix member.
prefix_lifecycle_support_v1,generic_support_mapping,D4_MOR_PREFIXES_SUB_INTER_SUPER,superhero_en_gb,superhero,hero,a hero with special powers,support_role=support_example; row_status=active; review_status=approved_for_first_exposure,missing,pending_human_approval,,,,Create reviewed generic support mapping from the approved Prefix member.
prefix_lifecycle_support_v1,generic_support_mapping,D4_MOR_PREFIXES_SUB_INTER_SUPER,supermarket_en_gb,supermarket,market,a large food shop,support_role=support_example; row_status=active; review_status=approved_for_first_exposure,active/in_review,pending_human_approval,,,,Promote existing reviewed-source support mapping.
prefix_lifecycle_support_v1,generic_support_mapping,D4_MOR_PREFIXES_UN,unfair_en_gb,unfair,fair,not fair,support_role=support_example; row_status=active; review_status=approved_for_first_exposure,active/in_review,pending_human_approval,,,,Promote existing reviewed-source support mapping.
prefix_lifecycle_support_v1,generic_support_mapping,D4_MOR_PREFIXES_UN,unhappy_en_gb,unhappy,happy,not happy,support_role=support_example; row_status=active; review_status=approved_for_first_exposure,active/in_review,pending_human_approval,,,,Promote existing reviewed-source support mapping.
prefix_lifecycle_support_v1,generic_support_mapping,D4_MOR_PREFIXES_UN,unkind_en_gb,unkind,kind,not kind,support_role=support_example; row_status=active; review_status=approved_for_first_exposure,active/in_review,pending_human_approval,,,,Promote existing reviewed-source support mapping.
prefix_lifecycle_support_v1,generic_support_mapping,D4_MOR_PREFIXES_UN,unlock_en_gb,unlock,lock,reverse the lock,support_role=support_example; row_status=active; review_status=approved_for_first_exposure,active/in_review,pending_human_approval,,,,Promote existing reviewed-source support mapping.
prefix_lifecycle_support_v1,generic_support_mapping,D4_MOR_PREFIXES_UN,unnatural_en_gb,unnatural,natural,not natural,support_role=support_example; row_status=active; review_status=approved_for_first_exposure,missing,pending_human_approval,,,,Create reviewed generic support mapping from the approved Prefix member.
prefix_lifecycle_support_v1,generic_support_mapping,D4_MOR_PREFIXES_UN,unnecessary_en_gb,unnecessary,necessary,not necessary,support_role=support_example; row_status=active; review_status=approved_for_first_exposure,missing,pending_human_approval,,,,Create reviewed generic support mapping from the approved Prefix member.
prefix_lifecycle_support_v1,generic_support_mapping,D4_MOR_PREFIXES_UN,untidy_en_gb,untidy,tidy,not tidy,support_role=support_example; row_status=active; review_status=approved_for_first_exposure,missing,pending_human_approval,,,,Create reviewed generic support mapping from the approved Prefix member.
prefix_lifecycle_definitions_v1,prefix_base_definition_update,D4_MOR_PREFIXES_UN,natural_en_gb,unnatural,natural,natural,made from nature,profile member active/approved_for_first_exposure,pending_human_approval,,,,Approved child-friendly base definition. Update only governed Prefix presentation; do not rewrite historical assignments.
prefix_lifecycle_definitions_v1,prefix_base_definition_update,D4_MOR_PREFIXES_UN,necessary_en_gb,unnecessary,necessary,necessary,needed to get a result,profile member active/approved_for_first_exposure,pending_human_approval,,,,Approved child-friendly base definition. Update only governed Prefix presentation; do not rewrite historical assignments.
