Word,Child Friendly Definition,Simple Dictation Sentence
admitting,saying that something is true,He is admitting that he made a mistake.
baking,cooking food in an oven,Mum is baking a cake.
begging,asking for something very strongly,The dog is begging for a treat.
beginning,starting something,The lesson is beginning now.
boxing,fighting using padded gloves,They are boxing at the sports club.
bullying,hurting or upsetting someone on purpose again and again,Bullying is never acceptable.
caring,being kind and looking after someone,She is caring for the kitten.
carrying,holding and moving something,He is carrying a heavy bag.
committing,promising yourself to do something,She is committing to the training plan.
containing,having something inside,The box is containing all the art supplies.
dancing,moving your body to music,They are dancing to the music.
dropping,letting something fall,He is dropping the ball into the basket.
ending,coming to the finish,The film is ending soon.
forgetting,not remembering something,I keep forgetting my water bottle.
happening,taking place,Something exciting is happening outside.
hiking,walking a long way in the countryside,We are hiking up the hill.
hunting,searching for something,The children are hunting for clues.
kicking,hitting something with your foot,She is kicking the football.
limiting,keeping something within a certain amount,We are limiting screen time today.
listening,paying attention to sounds,He is listening to the teacher.
locking,fastening something with a lock,Dad is locking the front door.
marrying,becoming someone's husband or wife,The couple are marrying in June.
mixing,combining things together,She is mixing the paint.
mourning,feeling sad because someone or something has died,The family is mourning their old pet.
occurring,happening or taking place,The change is occurring slowly.
offering,giving someone the chance to have something,She is offering me some help.
painting,making a picture with paint,He is painting a bright rainbow.
planning,deciding what you will do before you do it,We are planning a school trip.
referring,talking about or pointing to something,The teacher is referring to the diagram.
shopping,buying things from shops,We are shopping for new shoes.
studying,spending time learning something,She is studying for her test.
transferring,moving something from one place to another,He is transferring the files to a folder.
visiting,going to see a person or place,We are visiting Grandma on Sunday.
worrying,feeling nervous or concerned,He is worrying about the test.
wrestling,grappling with another person as a sport,The two athletes are wrestling on the mat.
dying,coming to the end of life,The old flower is dying.
lying,resting flat on a surface,The cat is lying on the rug.
tying,fastening something with a knot,She is tying her shoelaces.
vying,competing to win or be chosen,The teams are vying for first place.
untying,undoing a knot,He is untying the ribbon.
retying,tying something again,She is retying her loose shoelace.
belying,hiding the truth about how something really is,His calm smile is belying his nerves.
overlying,lying or resting on top of something,A blanket of snow is overlying the grass.
underlying,lying beneath something else,A layer of rock is underlying the soil.
running,moving quickly on your feet,The boy is running to the gate.
swimming,moving through water,She is swimming across the pool.
sitting,resting on a seat or surface,The class is sitting quietly.
getting,receiving or becoming something,He is getting ready for school.
putting,placing something somewhere,She is putting the books away.
cutting,using something sharp to divide an object,He is cutting the paper carefully.
hitting,striking something,She is hitting the ball with a bat.
winning,coming first in a game or contest,Our team is winning the match.
clapping,hitting your hands together to make a sound,The audience is clapping loudly.
skipping,moving with light steps and little jumps,She is skipping across the playground.
hopping,jumping on one foot,The rabbit is hopping through the grass.
chatting,talking in a friendly way,We are chatting after class.
grabbing,taking hold of something quickly,He is grabbing his coat.
slipping,sliding by accident,The cup is slipping from my hand.
stopping,coming to an end or no longer moving,The bus is stopping at the corner.
tapping,touching something lightly again and again,She is tapping the drum softly.
drumming,playing a drum,He is drumming to the beat.
jogging,running slowly for exercise,Dad is jogging around the park.
spinning,turning around quickly,The wheel is spinning fast.
travelling,going from one place to another,We are travelling by train.
making,creating or producing something,She is making a paper boat.
writing,"forming words with a pen, pencil, or keyboard",He is writing a short story.
riding,"travelling on a bike, horse, or similar thing",She is riding her bike.
hoping,wanting something good to happen,I am hoping for sunny weather.
smiling,showing happiness with your face,The baby is smiling at me.
shining,giving off or reflecting light,The sun is shining brightly.
using,doing something with a tool or object,He is using a ruler.
coming,moving towards a place,The bus is coming now.
taking,carrying or moving something with you,She is taking her lunch to school.
saving,keeping something for later,He is saving his pocket money.
closing,shutting something,She is closing the window.
playing,taking part in a game or activity,The children are playing outside.
reading,looking at and understanding written words,She is reading a new book.
jumping,pushing yourself off the ground,The frog is jumping over a log.
helping,making something easier for someone,He is helping his friend.
looking,using your eyes to see something,We are looking at the stars.
singing,making music with your voice,They are singing a song.
washing,cleaning something with water,She is washing her hands.
opening,making something no longer closed,He is opening the present.
asking,saying a question or requesting something,She is asking for help.
working,doing a job or task,Dad is working at his desk.
