word_key,proposed_sentence,target_token_index,review_status,review_note
everywhere_en_gb,"Everywhere we looked, the paint had splashed.",0,approved_for_first_exposure,Content owner approved import on 2026-10-08.
ingredient_en_gb,The ingredient was missing from the recipe.,1,approved_for_first_exposure,Content owner approved import on 2026-10-08.
ingredients_en_gb,We measured the ingredients before baking.,3,approved_for_first_exposure,Content owner approved import on 2026-10-08.
loads_en_gb,The lorry carried heavy loads of sand.,4,approved_for_first_exposure,Content owner approved import on 2026-10-08.
means_en_gb,This means the answer has changed.,1,approved_for_first_exposure,Content owner approved import on 2026-10-08.
photographer_en_gb,The photographer took a picture of the garden.,1,approved_for_first_exposure,Content owner approved import on 2026-10-08.
renew_en_gb,We will renew our library card tomorrow.,2,approved_for_first_exposure,Content owner approved import on 2026-10-08.
repeated_en_gb,I repeated the instructions to my friend.,1,approved_for_first_exposure,Content owner approved import on 2026-10-08.
scrolling_en_gb,He was scrolling through the photos.,2,approved_for_first_exposure,Content owner approved import on 2026-10-08.
unlocked_en_gb,She unlocked the gate with a key.,1,approved_for_first_exposure,Content owner approved import on 2026-10-08.
varieties_en_gb,The shop sold many varieties of apples.,4,approved_for_first_exposure,Content owner approved import on 2026-10-08.
yoghurt_en_gb,I ate yoghurt with berries for breakfast.,2,approved_for_first_exposure,Content owner approved import on 2026-10-08.
