word_key,display_word,normalised_word,dialect_code,provided_child_friendly_definition,provided_simple_dictation_sentence,provided_audio_text,provided_target_occurrences,provided_content_status,proposed_base_verb,proposed_ing_rule,proposed_doubling_pattern,proposed_micro_skill_key,proposed_word_sum,proposed_transformation_note,spelling_transformation_status,v1_lesson_eligibility,target_morpholex_segmentation,target_morpholex_pos,target_morpholex_nmorph,target_morpholex_prs_signature,base_morpholex_segmentation,base_morpholex_pos,target_british_ipa,target_cmudict_phones,target_syllables_candidate,target_stress_pattern_candidate,target_has_schwa_candidate,target_wordfreq_zipf,target_bnc_frequency,target_aoa_median,existing_canonical_release,existing_canonical_word_key,existing_canonical_review_status,existing_canonical_row_status,existing_canonical_phoneme_hint,existing_canonical_word_sum,existing_canonical_transformation_notes,existing_canonical_dictation_sentence,morphology_review_status,lexical_sources,source_input_sha256,morpholex_sha256
admitting_en_gb,admitting,admitting,en-GB,saying that something is true,He is admitting that he made a mistake.,He is admitting that he made a mistake.,1,approved_source_supplied_by_content_owner,admit,double_final_consonant,stressed_final_syllable,D4_INF_ING_ENDINGS_DOUBLE_FINAL_CONSONANT,admit + ing → admitting,"Double the final consonant, then add -ing.",valid,candidate,{(admit)},VB|NN,1,"0,1,0",{(admit)},VB,/ɐdmˈɪtɪŋ/,AE0 D M IH1 T IH0 NG,3,unstressed-primary-unstressed,FALSE,3.800,0,,docs/implementation/seed-data/teaching-dictionary/releases/2026-07-26-next-1000-canonical-words-v2/package,admitting_en_gb,approved_for_first_exposure,active,/ɐdmˈɪtɪŋ/,admit + ing → admitting,Double the final consonant before adding the suffix.,Admitting the mistake took courage.,in_review,MorphoLex-en | open-dict-data ipa-dict en_UK | CMUdict | wordfreq | BNC | Brysbaert-Biemiller AoA,db4bcd354611174ba024cfe445c297eaaed2070439970594d79517826d864ba4,5bc425fbb710f3d63cab69e77ee731fa466653ed0ace94937cac6c1fd6de52c6
baking_en_gb,baking,baking,en-GB,cooking food in an oven,Mum is baking a cake.,Mum is baking a cake.,1,approved_source_supplied_by_content_owner,bake,drop_e,,D4_INF_ING_ENDINGS_DROP_E,bake + ing → baking,"Drop the final e, then add -ing.",valid,candidate,{(bake)},NN|VB,1,"0,1,0",{(bake)},VB|JJ|NN,/bˈeɪkɪŋ/,B EY1 K IH0 NG,2,primary-unstressed,FALSE,3.920,0,2.00,docs/implementation/seed-data/teaching-dictionary/releases/2026-07-26-next-1000-canonical-words-v2/package,baking_en_gb,approved_for_first_exposure,active,/bˈeɪkɪŋ/,bake + ing → baking,The final <e> in <bake> is omitted before <ing>.,Baking bread filled the kitchen.,in_review,MorphoLex-en | open-dict-data ipa-dict en_UK | CMUdict | wordfreq | BNC | Brysbaert-Biemiller AoA,db4bcd354611174ba024cfe445c297eaaed2070439970594d79517826d864ba4,5bc425fbb710f3d63cab69e77ee731fa466653ed0ace94937cac6c1fd6de52c6
begging_en_gb,begging,begging,en-GB,asking for something very strongly,The dog is begging for a treat.,The dog is begging for a treat.,1,approved_source_supplied_by_content_owner,beg,double_final_consonant,short_cvc,D4_INF_ING_ENDINGS_DOUBLE_FINAL_CONSONANT,beg + ing → begging,"Double the final consonant, then add -ing.",valid,candidate,{(beg)},VB|NN,1,"0,1,0",{(beg)},VB,/bˈɛɡɪŋ/,B EH1 G IH0 NG,2,primary-unstressed,FALSE,3.930,0,4.00,docs/implementation/seed-data/teaching-dictionary/releases/2026-07-26-next-1000-canonical-words-v2/package,begging_en_gb,approved_for_first_exposure,active,/bˈɛɡɪŋ/,beg + ing → begging,Double the final consonant before adding the suffix.,The dog was begging for food.,in_review,MorphoLex-en | open-dict-data ipa-dict en_UK | CMUdict | wordfreq | BNC | Brysbaert-Biemiller AoA,db4bcd354611174ba024cfe445c297eaaed2070439970594d79517826d864ba4,5bc425fbb710f3d63cab69e77ee731fa466653ed0ace94937cac6c1fd6de52c6
beginning_en_gb,beginning,beginning,en-GB,starting something,The lesson is beginning now.,The lesson is beginning now.,1,approved_source_supplied_by_content_owner,begin,double_final_consonant,stressed_final_syllable,D4_INF_ING_ENDINGS_DOUBLE_FINAL_CONSONANT,begin + ing → beginning,"Double the final consonant, then add -ing.",valid,candidate,{(begin)},VB|NN,1,"0,1,0",{(begin)},VB|NN,/bɪɡˈɪnɪŋ/,B IH0 G IH1 N IH0 NG,3,unstressed-primary-unstressed,FALSE,5.000,123,3.00,docs/implementation/seed-data/teaching-dictionary/releases/2026-07-26-next-1000-canonical-words-v2/package,beginning_en_gb,approved_for_first_exposure,active,/bɪɡˈɪnɪŋ/,begin + ing → beginning,Double the final consonant before adding the suffix.,The beginning felt exciting.,in_review,MorphoLex-en | open-dict-data ipa-dict en_UK | CMUdict | wordfreq | BNC | Brysbaert-Biemiller AoA,db4bcd354611174ba024cfe445c297eaaed2070439970594d79517826d864ba4,5bc425fbb710f3d63cab69e77ee731fa466653ed0ace94937cac6c1fd6de52c6
boxing_en_gb,boxing,boxing,en-GB,fighting using padded gloves,They are boxing at the sports club.,They are boxing at the sports club.,1,approved_source_supplied_by_content_owner,box,regular,,D4_INF_ING_ENDINGS_REGULAR,box + ing → boxing,Add -ing to the base word.,valid,candidate,{(box)},NN|VB,1,"0,1,0",{(box)},NN|VB,/bˈɒksɪŋ/,B AA1 K S IH0 NG,2,primary-unstressed,FALSE,4.170,12,2.00,docs/implementation/seed-data/teaching-dictionary/releases/2026-07-26-next-1000-canonical-words-v2/package,boxing_en_gb,approved_for_first_exposure,active,/bˈɒksɪŋ/,box + ing → boxing,,Boxing requires gloves and rules.,in_review,MorphoLex-en | open-dict-data ipa-dict en_UK | CMUdict | wordfreq | BNC | Brysbaert-Biemiller AoA,db4bcd354611174ba024cfe445c297eaaed2070439970594d79517826d864ba4,5bc425fbb710f3d63cab69e77ee731fa466653ed0ace94937cac6c1fd6de52c6
bullying_en_gb,bullying,bullying,en-GB,hurting or upsetting someone on purpose again and again,Bullying is never acceptable.,Bullying is never acceptable.,1,approved_source_supplied_by_content_owner,bully,regular,,D4_INF_ING_ENDINGS_REGULAR,bully + ing → bullying,Add -ing to the base word.,valid,candidate,{(bully)},VB,1,"0,1,0",{(bully)},NN|VB,/bˈʊlɪɪŋ/,B UH1 L IY0 IH0 NG,3,primary-unstressed-unstressed,FALSE,3.970,0,,docs/implementation/seed-data/teaching-dictionary/releases/2026-07-26-next-1000-canonical-words-v2/package,bullying_en_gb,approved_for_first_exposure,active,/bˈʊlɪɪŋ/,bully + ing → bullying,,The school takes bullying seriously.,in_review,MorphoLex-en | open-dict-data ipa-dict en_UK | CMUdict | wordfreq | BNC | Brysbaert-Biemiller AoA,db4bcd354611174ba024cfe445c297eaaed2070439970594d79517826d864ba4,5bc425fbb710f3d63cab69e77ee731fa466653ed0ace94937cac6c1fd6de52c6
caring_en_gb,caring,caring,en-GB,being kind and looking after someone,She is caring for the kitten.,She is caring for the kitten.,1,approved_source_supplied_by_content_owner,care,drop_e,,D4_INF_ING_ENDINGS_DROP_E,care + ing → caring,"Drop the final e, then add -ing.",valid,candidate,{(care)},VB,1,"0,1,0",{(care)},NN|VB,/kˈeəɹɪŋ/,K EH1 R IH0 NG,2,primary-unstressed,FALSE,4.200,0,,docs/implementation/seed-data/teaching-dictionary/releases/2026-07-26-next-1000-canonical-words-v2/package,caring_en_gb,approved_for_first_exposure,active,/kˈeəɹɪŋ/,care + ing → caring,The final <e> in <care> is omitted before <ing>.,He was caring and patient.,in_review,MorphoLex-en | open-dict-data ipa-dict en_UK | CMUdict | wordfreq | BNC | Brysbaert-Biemiller AoA,db4bcd354611174ba024cfe445c297eaaed2070439970594d79517826d864ba4,5bc425fbb710f3d63cab69e77ee731fa466653ed0ace94937cac6c1fd6de52c6
carrying_en_gb,carrying,carrying,en-GB,holding and moving something,He is carrying a heavy bag.,He is carrying a heavy bag.,1,approved_source_supplied_by_content_owner,carry,regular,,D4_INF_ING_ENDINGS_REGULAR,carry + ing → carrying,Add -ing to the base word.,valid,candidate,{(carry)},VB|NN,1,"0,1,0",{(carry)},VB|NN,/kˈæɹɪɪŋ/,K AE1 R IY0 IH0 NG,3,primary-unstressed-unstressed,FALSE,4.610,56,,docs/implementation/seed-data/teaching-dictionary/releases/2026-07-26-next-1000-canonical-words-v2/package,carrying_en_gb,approved_for_first_exposure,active,/kˈæɹɪɪŋ/,carry + ing → carrying,,She was carrying two bags.,in_review,MorphoLex-en | open-dict-data ipa-dict en_UK | CMUdict | wordfreq | BNC | Brysbaert-Biemiller AoA,db4bcd354611174ba024cfe445c297eaaed2070439970594d79517826d864ba4,5bc425fbb710f3d63cab69e77ee731fa466653ed0ace94937cac6c1fd6de52c6
committing_en_gb,committing,committing,en-GB,promising yourself to do something,She is committing to the training plan.,She is committing to the training plan.,1,approved_source_supplied_by_content_owner,commit,double_final_consonant,stressed_final_syllable,D4_INF_ING_ENDINGS_DOUBLE_FINAL_CONSONANT,commit + ing → committing,"Double the final consonant, then add -ing.",valid,candidate,{(commit)},VB,1,"0,1,0",{(commit)},VB|NN,/kəmˈɪtɪŋ/,K AH0 M IH1 T IH0 NG,3,unstressed-primary-unstressed,TRUE,3.880,0,,docs/implementation/seed-data/teaching-dictionary/releases/2026-07-26-next-1000-canonical-words-v2/package,committing_en_gb,approved_for_first_exposure,active,/kəmˈɪtɪŋ/,commit + ing → committing,Double the final consonant before adding the suffix.,Committing to practice takes discipline.,in_review,MorphoLex-en | open-dict-data ipa-dict en_UK | CMUdict | wordfreq | BNC | Brysbaert-Biemiller AoA,db4bcd354611174ba024cfe445c297eaaed2070439970594d79517826d864ba4,5bc425fbb710f3d63cab69e77ee731fa466653ed0ace94937cac6c1fd6de52c6
containing_en_gb,containing,containing,en-GB,having something inside,The box is containing all the art supplies.,The box is containing all the art supplies.,1,approved_source_supplied_by_content_owner,contain,regular,,D4_INF_ING_ENDINGS_REGULAR,contain + ing → containing,Add -ing to the base word.,valid,candidate,{<co<(tain)},VB|NN,2,"1,1,0",{<co<(tain)},VB,/kəntˈeɪnɪŋ/,K AH0 N T EY1 N IH0 NG,3,unstressed-primary-unstressed,TRUE,4.430,41,,docs/implementation/seed-data/teaching-dictionary/releases/2026-07-26-next-1000-canonical-words-v2/package,containing_en_gb,approved_for_first_exposure,active,/kəntˈeɪnɪŋ/,con + tain + ing → containing,,Open the box containing tools.,in_review,MorphoLex-en | open-dict-data ipa-dict en_UK | CMUdict | wordfreq | BNC | Brysbaert-Biemiller AoA,db4bcd354611174ba024cfe445c297eaaed2070439970594d79517826d864ba4,5bc425fbb710f3d63cab69e77ee731fa466653ed0ace94937cac6c1fd6de52c6
dancing_en_gb,dancing,dancing,en-GB,moving your body to music,They are dancing to the music.,They are dancing to the music.,1,approved_source_supplied_by_content_owner,dance,drop_e,,D4_INF_ING_ENDINGS_DROP_E,dance + ing → dancing,"Drop the final e, then add -ing.",valid,candidate,{(dance)},NN|VB,1,"0,1,0",{(dance)},NN|VB,/dˈɑːnsɪŋ/,D AE1 N S IH0 NG,2,primary-unstressed,FALSE,4.500,25,,docs/implementation/seed-data/teaching-dictionary/releases/2026-07-26-next-1000-canonical-words-v2/package,dancing_en_gb,approved_for_first_exposure,active,/dˈɑːnsɪŋ/,dance + ing → dancing,Drop the final e before adding the suffix.,Dancing filled the village hall.,in_review,MorphoLex-en | open-dict-data ipa-dict en_UK | CMUdict | wordfreq | BNC | Brysbaert-Biemiller AoA,db4bcd354611174ba024cfe445c297eaaed2070439970594d79517826d864ba4,5bc425fbb710f3d63cab69e77ee731fa466653ed0ace94937cac6c1fd6de52c6
dropping_en_gb,dropping,dropping,en-GB,letting something fall,He is dropping the ball into the basket.,He is dropping the ball into the basket.,1,approved_source_supplied_by_content_owner,drop,double_final_consonant,short_cvc,D4_INF_ING_ENDINGS_DOUBLE_FINAL_CONSONANT,drop + ing → dropping,"Double the final consonant, then add -ing.",valid,candidate,{(drop)},VB|NN,1,"0,1,0",{(drop)},NN|VB,/dɹˈɒpɪŋ/,D R AA1 P IH0 NG,2,primary-unstressed,FALSE,4.330,13,2.00,docs/implementation/seed-data/teaching-dictionary/releases/2026-07-26-next-1000-canonical-words-v2/package,dropping_en_gb,approved_for_first_exposure,active,/dɹˈɒpɪŋ/,drop + ing → dropping,Double the final consonant before adding the suffix.,The temperature is dropping quickly.,in_review,MorphoLex-en | open-dict-data ipa-dict en_UK | CMUdict | wordfreq | BNC | Brysbaert-Biemiller AoA,db4bcd354611174ba024cfe445c297eaaed2070439970594d79517826d864ba4,5bc425fbb710f3d63cab69e77ee731fa466653ed0ace94937cac6c1fd6de52c6
ending_en_gb,ending,ending,en-GB,coming to the finish,The film is ending soon.,The film is ending soon.,1,approved_source_supplied_by_content_owner,end,regular,,D4_INF_ING_ENDINGS_REGULAR,end + ing → ending,Add -ing to the base word.,valid,candidate,{(end)},VB|NN,1,"0,1,0",{(end)},NN|VB,/ˈɛndɪŋ/,EH1 N D IH0 NG,2,primary-unstressed,FALSE,4.680,14,2.00,docs/implementation/seed-data/teaching-dictionary/releases/2026-07-26-next-1000-canonical-words-v2/package,ending_en_gb,approved_for_first_exposure,active,/ˈɛndɪŋ/,end + ing → ending,,The story had a happy ending.,in_review,MorphoLex-en | open-dict-data ipa-dict en_UK | CMUdict | wordfreq | BNC | Brysbaert-Biemiller AoA,db4bcd354611174ba024cfe445c297eaaed2070439970594d79517826d864ba4,5bc425fbb710f3d63cab69e77ee731fa466653ed0ace94937cac6c1fd6de52c6
forgetting_en_gb,forgetting,forgetting,en-GB,not remembering something,I keep forgetting my water bottle.,I keep forgetting my water bottle.,1,approved_source_supplied_by_content_owner,forget,double_final_consonant,stressed_final_syllable,D4_INF_ING_ENDINGS_DOUBLE_FINAL_CONSONANT,forget + ing → forgetting,"Double the final consonant, then add -ing.",valid,candidate,{(forget)},VB,1,"0,1,0",{(forget)},VB,/fəɡˈɛtɪŋ/,F ER0 G EH1 T IH0 NG,3,unstressed-primary-unstressed,TRUE,3.920,0,2.00,docs/implementation/seed-data/teaching-dictionary/releases/2026-07-26-next-1000-canonical-words-v2/package,forgetting_en_gb,approved_for_first_exposure,active,/fəɡˈɛtɪŋ/,forget + ing → forgetting,Double the final consonant before adding the suffix.,Forgetting the key caused trouble.,in_review,MorphoLex-en | open-dict-data ipa-dict en_UK | CMUdict | wordfreq | BNC | Brysbaert-Biemiller AoA,db4bcd354611174ba024cfe445c297eaaed2070439970594d79517826d864ba4,5bc425fbb710f3d63cab69e77ee731fa466653ed0ace94937cac6c1fd6de52c6
happening_en_gb,happening,happening,en-GB,taking place,Something exciting is happening outside.,Something exciting is happening outside.,1,approved_source_supplied_by_content_owner,happen,regular,,D4_INF_ING_ENDINGS_REGULAR,happen + ing → happening,Add -ing to the base word.,valid,candidate,{(happen)},VB|NN|JJ,1,"0,1,0",{(happen)},VB,/hˈæpənɪŋ/,HH AE1 P AH0 N IH0 NG,3,primary-unstressed-unstressed,TRUE,4.800,40,4.00,docs/implementation/seed-data/teaching-dictionary/releases/2026-07-26-next-1000-canonical-words-v2/package,happening_en_gb,approved_for_first_exposure,active,/hˈæpənɪŋ/,happen + ing → happening,,A parade is happening outside.,in_review,MorphoLex-en | open-dict-data ipa-dict en_UK | CMUdict | wordfreq | BNC | Brysbaert-Biemiller AoA,db4bcd354611174ba024cfe445c297eaaed2070439970594d79517826d864ba4,5bc425fbb710f3d63cab69e77ee731fa466653ed0ace94937cac6c1fd6de52c6
hiking_en_gb,hiking,hiking,en-GB,walking a long way in the countryside,We are hiking up the hill.,We are hiking up the hill.,1,approved_source_supplied_by_content_owner,hike,drop_e,,D4_INF_ING_ENDINGS_DROP_E,hike + ing → hiking,"Drop the final e, then add -ing.",valid,candidate,{(hike)},VB|NN,1,"0,1,0",{(hike)},VB|NN,/hˈaɪkɪŋ/,HH AY1 K IH0 NG,2,primary-unstressed,FALSE,3.870,0,,docs/implementation/seed-data/teaching-dictionary/releases/2026-07-26-next-1000-canonical-words-v2/package,hiking_en_gb,approved_for_first_exposure,active,/hˈaɪkɪŋ/,hike + ing → hiking,The final <e> in <hike> is omitted before <ing>.,We went hiking in Wales.,in_review,MorphoLex-en | open-dict-data ipa-dict en_UK | CMUdict | wordfreq | BNC | Brysbaert-Biemiller AoA,db4bcd354611174ba024cfe445c297eaaed2070439970594d79517826d864ba4,5bc425fbb710f3d63cab69e77ee731fa466653ed0ace94937cac6c1fd6de52c6
hunting_en_gb,hunting,hunting,en-GB,searching for something,The children are hunting for clues.,The children are hunting for clues.,1,approved_source_supplied_by_content_owner,hunt,regular,,D4_INF_ING_ENDINGS_REGULAR,hunt + ing → hunting,Add -ing to the base word.,valid,candidate,{(hunt)},NN|VB,1,"0,1,0",{(hunt)},NN|VB,/hˈʌntɪŋ/,HH AH1 N T IH0 NG,2,primary-unstressed,FALSE,4.420,18,,docs/implementation/seed-data/teaching-dictionary/releases/2026-07-26-next-1000-canonical-words-v2/package,hunting_en_gb,approved_for_first_exposure,active,/hˈʌntɪŋ/,hunt + ing → hunting,,The fox was hunting at dusk.,in_review,MorphoLex-en | open-dict-data ipa-dict en_UK | CMUdict | wordfreq | BNC | Brysbaert-Biemiller AoA,db4bcd354611174ba024cfe445c297eaaed2070439970594d79517826d864ba4,5bc425fbb710f3d63cab69e77ee731fa466653ed0ace94937cac6c1fd6de52c6
kicking_en_gb,kicking,kicking,en-GB,hitting something with your foot,She is kicking the football.,She is kicking the football.,1,approved_source_supplied_by_content_owner,kick,regular,,D4_INF_ING_ENDINGS_REGULAR,kick + ing → kicking,Add -ing to the base word.,valid,candidate,{(kick)},VB|NN,1,"0,1,0",{(kick)},NN|VB,/kˈɪkɪŋ/,K IH1 K IH0 NG,2,primary-unstressed,FALSE,4.160,0,,docs/implementation/seed-data/teaching-dictionary/releases/2026-07-26-next-1000-canonical-words-v2/package,kicking_en_gb,approved_for_first_exposure,active,/kˈɪkɪŋ/,kick + ing → kicking,,Kicking the ball broke the window.,in_review,MorphoLex-en | open-dict-data ipa-dict en_UK | CMUdict | wordfreq | BNC | Brysbaert-Biemiller AoA,db4bcd354611174ba024cfe445c297eaaed2070439970594d79517826d864ba4,5bc425fbb710f3d63cab69e77ee731fa466653ed0ace94937cac6c1fd6de52c6
limiting_en_gb,limiting,limiting,en-GB,keeping something within a certain amount,We are limiting screen time today.,We are limiting screen time today.,1,approved_source_supplied_by_content_owner,limit,regular,,D4_INF_ING_ENDINGS_REGULAR,limit + ing → limiting,Add -ing to the base word.,valid,candidate,{(limit)},VB|NN|JJ,1,"0,1,0",{(limit)},NN|VB,/lˈɪmɪtɪŋ/,L IH1 M AH0 T IH0 NG,3,primary-unstressed-unstressed,TRUE,3.950,0,,docs/implementation/seed-data/teaching-dictionary/releases/2026-07-26-next-1000-canonical-words-v2/package,limiting_en_gb,approved_for_first_exposure,active,/lˈɪmɪtɪŋ/,limit + ing → limiting,,The fence is limiting access.,in_review,MorphoLex-en | open-dict-data ipa-dict en_UK | CMUdict | wordfreq | BNC | Brysbaert-Biemiller AoA,db4bcd354611174ba024cfe445c297eaaed2070439970594d79517826d864ba4,5bc425fbb710f3d63cab69e77ee731fa466653ed0ace94937cac6c1fd6de52c6
listening_en_gb,listening,listening,en-GB,paying attention to sounds,He is listening to the teacher.,He is listening to the teacher.,1,approved_source_supplied_by_content_owner,listen,regular,,D4_INF_ING_ENDINGS_REGULAR,listen + ing → listening,Add -ing to the base word.,valid,candidate,{(listen)},VB|NN,1,"0,1,0",{(listen)},VB|NN,/lˈɪsənɪŋ/,L IH1 S AH0 N IH0 NG,3,primary-unstressed-unstressed,TRUE,4.660,34,,docs/implementation/seed-data/teaching-dictionary/releases/2026-07-26-next-1000-canonical-words-v2/package,listening_en_gb,approved_for_first_exposure,active,/lˈɪsənɪŋ/,listen + ing → listening,,Careful listening helped her learn.,in_review,MorphoLex-en | open-dict-data ipa-dict en_UK | CMUdict | wordfreq | BNC | Brysbaert-Biemiller AoA,db4bcd354611174ba024cfe445c297eaaed2070439970594d79517826d864ba4,5bc425fbb710f3d63cab69e77ee731fa466653ed0ace94937cac6c1fd6de52c6
locking_en_gb,locking,locking,en-GB,fastening something with a lock,Dad is locking the front door.,Dad is locking the front door.,1,approved_source_supplied_by_content_owner,lock,regular,,D4_INF_ING_ENDINGS_REGULAR,lock + ing → locking,Add -ing to the base word.,valid,candidate,{(lock)},JJ|VB,1,"0,1,0",{(lock)},NN|VB,/lˈɒkɪŋ/,L AA1 K IH0 NG,2,primary-unstressed,FALSE,3.760,0,,docs/implementation/seed-data/teaching-dictionary/releases/2026-08-11-base-word-prefix-suffix-canonical-v1/package,locking_en_gb,approved_for_first_exposure,active,/ˈlɒkɪŋ/,lock + ing → locking,,She is locking the gate now.,in_review,MorphoLex-en | open-dict-data ipa-dict en_UK | CMUdict | wordfreq | BNC | Brysbaert-Biemiller AoA,db4bcd354611174ba024cfe445c297eaaed2070439970594d79517826d864ba4,5bc425fbb710f3d63cab69e77ee731fa466653ed0ace94937cac6c1fd6de52c6
marrying_en_gb,marrying,marrying,en-GB,becoming someone's husband or wife,The couple are marrying in June.,The couple are marrying in June.,1,approved_source_supplied_by_content_owner,marry,regular,,D4_INF_ING_ENDINGS_REGULAR,marry + ing → marrying,Add -ing to the base word.,valid,candidate,{(marry)},VB,1,"0,1,0",{(marry)},VB,/mˈæɹɪɪŋ/,M EH1 R IY0 IH0 NG,3,primary-unstressed-unstressed,FALSE,3.750,0,,docs/implementation/seed-data/teaching-dictionary/releases/2026-07-26-next-1000-canonical-words-v2/package,marrying_en_gb,approved_for_first_exposure,active,/mˈæɹɪɪŋ/,marry + ing → marrying,,They are marrying next spring.,in_review,MorphoLex-en | open-dict-data ipa-dict en_UK | CMUdict | wordfreq | BNC | Brysbaert-Biemiller AoA,db4bcd354611174ba024cfe445c297eaaed2070439970594d79517826d864ba4,5bc425fbb710f3d63cab69e77ee731fa466653ed0ace94937cac6c1fd6de52c6
mixing_en_gb,mixing,mixing,en-GB,combining things together,She is mixing the paint.,She is mixing the paint.,1,approved_source_supplied_by_content_owner,mix,regular,,D4_INF_ING_ENDINGS_REGULAR,mix + ing → mixing,Add -ing to the base word.,valid,candidate,{(mix)},VB|NN,1,"0,1,0",{(mix)},NN|VB,/mˈɪksɪŋ/,M IH1 K S IH0 NG,2,primary-unstressed,FALSE,4.110,0,,docs/implementation/seed-data/teaching-dictionary/releases/2026-07-26-next-1000-canonical-words-v2/package,mixing_en_gb,approved_for_first_exposure,active,/mˈɪksɪŋ/,mix + ing → mixing,,Mixing red and blue makes purple.,in_review,MorphoLex-en | open-dict-data ipa-dict en_UK | CMUdict | wordfreq | BNC | Brysbaert-Biemiller AoA,db4bcd354611174ba024cfe445c297eaaed2070439970594d79517826d864ba4,5bc425fbb710f3d63cab69e77ee731fa466653ed0ace94937cac6c1fd6de52c6
mourning_en_gb,mourning,mourning,en-GB,feeling sad because someone or something has died,The family is mourning their old pet.,The family is mourning their old pet.,1,approved_source_supplied_by_content_owner,mourn,regular,,D4_INF_ING_ENDINGS_REGULAR,mourn + ing → mourning,Add -ing to the base word.,valid,candidate,{(mourn)},VB|NN,1,"0,1,0",{(mourn)},VB,/mˈɔːnɪŋ/,M AO1 R N IH0 NG,2,primary-unstressed,FALSE,3.690,0,7.00,docs/implementation/seed-data/teaching-dictionary/releases/2026-07-26-next-1000-canonical-words-v2/package,mourning_en_gb,approved_for_first_exposure,active,/mˈɔːnɪŋ/,mourn + ing → mourning,,The family was in mourning.,in_review,MorphoLex-en | open-dict-data ipa-dict en_UK | CMUdict | wordfreq | BNC | Brysbaert-Biemiller AoA,db4bcd354611174ba024cfe445c297eaaed2070439970594d79517826d864ba4,5bc425fbb710f3d63cab69e77ee731fa466653ed0ace94937cac6c1fd6de52c6
occurring_en_gb,occurring,occurring,en-GB,happening or taking place,The change is occurring slowly.,The change is occurring slowly.,1,approved_source_supplied_by_content_owner,occur,double_final_consonant,stressed_final_syllable,D4_INF_ING_ENDINGS_DOUBLE_FINAL_CONSONANT,occur + ing → occurring,"Double the final consonant, then add -ing.",valid,candidate,{(occur)},VB|NN,1,"0,1,0",{(occur)},VB,/əkˈɜːɹɪŋ/,AH0 K ER1 IH0 NG,3,unstressed-primary-unstressed,TRUE,3.970,13,,docs/implementation/seed-data/teaching-dictionary/releases/2026-07-26-next-1000-canonical-words-v2/package,occurring_en_gb,approved_for_first_exposure,active,/əkˈɜːɹɪŋ/,occur + ing → occurring,The final <r> is doubled before <ing>.,Flooding is occurring nearby.,in_review,MorphoLex-en | open-dict-data ipa-dict en_UK | CMUdict | wordfreq | BNC | Brysbaert-Biemiller AoA,db4bcd354611174ba024cfe445c297eaaed2070439970594d79517826d864ba4,5bc425fbb710f3d63cab69e77ee731fa466653ed0ace94937cac6c1fd6de52c6
offering_en_gb,offering,offering,en-GB,giving someone the chance to have something,She is offering me some help.,She is offering me some help.,1,approved_source_supplied_by_content_owner,offer,regular,,D4_INF_ING_ENDINGS_REGULAR,offer + ing → offering,Add -ing to the base word.,valid,candidate,{(offer)},NN|VB,1,"0,1,0",{(offer)},NN|VB,/ˈɒfəɹɪŋ/,AO1 F ER0 IH0 NG,3,primary-unstressed-unstressed,TRUE,4.600,42,6.00,docs/implementation/seed-data/teaching-dictionary/releases/2026-07-26-next-1000-canonical-words-v2/package,offering_en_gb,approved_for_first_exposure,active,/ˈɒfəɹɪŋ/,offer + ing → offering,,The café is offering free fruit.,in_review,MorphoLex-en | open-dict-data ipa-dict en_UK | CMUdict | wordfreq | BNC | Brysbaert-Biemiller AoA,db4bcd354611174ba024cfe445c297eaaed2070439970594d79517826d864ba4,5bc425fbb710f3d63cab69e77ee731fa466653ed0ace94937cac6c1fd6de52c6
painting_en_gb,painting,painting,en-GB,making a picture with paint,He is painting a bright rainbow.,He is painting a bright rainbow.,1,approved_source_supplied_by_content_owner,paint,regular,,D4_INF_ING_ENDINGS_REGULAR,paint + ing → painting,Add -ing to the base word.,valid,candidate,{(paint)},NN|VB,1,"0,1,0",{(paint)},NN|VB,/pˈeɪntɪŋ/,P EY1 N T IH0 NG,2,primary-unstressed,FALSE,4.600,38,2.00,docs/implementation/seed-data/teaching-dictionary/releases/2026-08-11-base-word-prefix-suffix-canonical-v1/package,painting_en_gb,approved_for_first_exposure,active,/ˈpeɪntɪŋ/,paint + ing → painting,,She is painting a picture of the sea.,in_review,MorphoLex-en | open-dict-data ipa-dict en_UK | CMUdict | wordfreq | BNC | Brysbaert-Biemiller AoA,db4bcd354611174ba024cfe445c297eaaed2070439970594d79517826d864ba4,5bc425fbb710f3d63cab69e77ee731fa466653ed0ace94937cac6c1fd6de52c6
planning_en_gb,planning,planning,en-GB,deciding what you will do before you do it,We are planning a school trip.,We are planning a school trip.,1,approved_source_supplied_by_content_owner,plan,double_final_consonant,short_cvc,D4_INF_ING_ENDINGS_DOUBLE_FINAL_CONSONANT,plan + ing → planning,"Double the final consonant, then add -ing.",valid,candidate,{(plan)},NN|VB,1,"0,1,0",{(plan)},NN|VB,/plˈænɪŋ/,P L AE1 N IH0 NG,2,primary-unstressed,FALSE,4.900,146,,docs/implementation/seed-data/teaching-dictionary/releases/2026-07-26-next-1000-canonical-words-v2/package,planning_en_gb,approved_for_first_exposure,active,/plˈænɪŋ/,plan + ing → planning,The final consonant is doubled before <ing>.,Planning made the trip easier.,in_review,MorphoLex-en | open-dict-data ipa-dict en_UK | CMUdict | wordfreq | BNC | Brysbaert-Biemiller AoA,db4bcd354611174ba024cfe445c297eaaed2070439970594d79517826d864ba4,5bc425fbb710f3d63cab69e77ee731fa466653ed0ace94937cac6c1fd6de52c6
referring_en_gb,referring,referring,en-GB,talking about or pointing to something,The teacher is referring to the diagram.,The teacher is referring to the diagram.,1,approved_source_supplied_by_content_owner,refer,double_final_consonant,stressed_final_syllable,D4_INF_ING_ENDINGS_DOUBLE_FINAL_CONSONANT,refer + ing → referring,"Double the final consonant, then add -ing.",valid,candidate,{(refer)},VB,1,"0,1,0",{(refer)},VB,/ɹɪfˈɜːɹɪŋ/,R IH0 F ER1 IH0 NG,3,unstressed-primary-unstressed,FALSE,4.350,18,,docs/implementation/seed-data/teaching-dictionary/releases/2026-07-26-next-1000-canonical-words-v2/package,referring_en_gb,approved_for_first_exposure,active,/ɹɪfˈɜːɹɪŋ/,refer + ing → referring,Double the final consonant before adding the suffix.,She was referring to the map.,in_review,MorphoLex-en | open-dict-data ipa-dict en_UK | CMUdict | wordfreq | BNC | Brysbaert-Biemiller AoA,db4bcd354611174ba024cfe445c297eaaed2070439970594d79517826d864ba4,5bc425fbb710f3d63cab69e77ee731fa466653ed0ace94937cac6c1fd6de52c6
shopping_en_gb,shopping,shopping,en-GB,buying things from shops,We are shopping for new shoes.,We are shopping for new shoes.,1,approved_source_supplied_by_content_owner,shop,double_final_consonant,short_cvc,D4_INF_ING_ENDINGS_DOUBLE_FINAL_CONSONANT,shop + ing → shopping,"Double the final consonant, then add -ing.",valid,candidate,{(shop)},NN|VB,1,"0,1,0",{(shop)},NN|VB,/ʃˈɒpɪŋ/,SH AA1 P IH0 NG,2,primary-unstressed,FALSE,4.680,29,2.00,docs/implementation/seed-data/teaching-dictionary/releases/2026-07-26-next-1000-canonical-words-v2/package,shopping_en_gb,approved_for_first_exposure,active,/ʃˈɒpɪŋ/,shop + ing → shopping,Double the final consonant before adding the suffix.,Mum went shopping after work.,in_review,MorphoLex-en | open-dict-data ipa-dict en_UK | CMUdict | wordfreq | BNC | Brysbaert-Biemiller AoA,db4bcd354611174ba024cfe445c297eaaed2070439970594d79517826d864ba4,5bc425fbb710f3d63cab69e77ee731fa466653ed0ace94937cac6c1fd6de52c6
studying_en_gb,studying,studying,en-GB,spending time learning something,She is studying for her test.,She is studying for her test.,1,approved_source_supplied_by_content_owner,study,regular,,D4_INF_ING_ENDINGS_REGULAR,study + ing → studying,Add -ing to the base word.,valid,candidate,{(stud)>y>},VB,2,"0,1,1",{(stud)>y>},NN|VB,/stˈʌdɪɪŋ/,S T AH1 D IY0 IH0 NG,3,primary-unstressed-unstressed,FALSE,4.420,24,,docs/implementation/seed-data/teaching-dictionary/releases/2026-07-26-next-1000-canonical-words-v2/package,studying_en_gb,approved_for_first_exposure,active,/stˈʌdɪɪŋ/,study + ing → studying,,He is studying the stars.,in_review,MorphoLex-en | open-dict-data ipa-dict en_UK | CMUdict | wordfreq | BNC | Brysbaert-Biemiller AoA,db4bcd354611174ba024cfe445c297eaaed2070439970594d79517826d864ba4,5bc425fbb710f3d63cab69e77ee731fa466653ed0ace94937cac6c1fd6de52c6
transferring_en_gb,transferring,transferring,en-GB,moving something from one place to another,He is transferring the files to a folder.,He is transferring the files to a folder.,1,approved_source_supplied_by_content_owner,transfer,double_final_consonant,stressed_final_syllable,D4_INF_ING_ENDINGS_DOUBLE_FINAL_CONSONANT,transfer + ing → transferring,"Double the final consonant, then add -ing.",valid,candidate,{(transfer)},VB,1,"0,1,0",{(transfer)},NN,/tɹænsfˈɜːɹɪŋ/,T R AE0 N S F ER1 IH0 NG,3,unstressed-primary-unstressed,FALSE,3.740,0,,docs/implementation/seed-data/teaching-dictionary/releases/2026-07-26-next-1000-canonical-words-v2/package,transferring_en_gb,approved_for_first_exposure,active,/tɹænsfˈɜːɹɪŋ/,transfer + ing → transferring,Double the final consonant before adding the suffix.,Transferring files took one minute.,in_review,MorphoLex-en | open-dict-data ipa-dict en_UK | CMUdict | wordfreq | BNC | Brysbaert-Biemiller AoA,db4bcd354611174ba024cfe445c297eaaed2070439970594d79517826d864ba4,5bc425fbb710f3d63cab69e77ee731fa466653ed0ace94937cac6c1fd6de52c6
visiting_en_gb,visiting,visiting,en-GB,going to see a person or place,We are visiting Grandma on Sunday.,We are visiting Grandma on Sunday.,1,approved_source_supplied_by_content_owner,visit,regular,,D4_INF_ING_ENDINGS_REGULAR,visit + ing → visiting,Add -ing to the base word.,valid,candidate,{(visit)},VB,1,"0,1,0",{(visit)},NN|VB,/vˈɪzɪtɪŋ/,V IH1 Z IH0 T IH0 NG,3,primary-unstressed-unstressed,FALSE,4.440,29,,docs/implementation/seed-data/teaching-dictionary/releases/2026-07-26-next-1000-canonical-words-v2/package,visiting_en_gb,approved_for_first_exposure,active,/vˈɪzɪtɪŋ/,visit + ing → visiting,,We are visiting Bath tomorrow.,in_review,MorphoLex-en | open-dict-data ipa-dict en_UK | CMUdict | wordfreq | BNC | Brysbaert-Biemiller AoA,db4bcd354611174ba024cfe445c297eaaed2070439970594d79517826d864ba4,5bc425fbb710f3d63cab69e77ee731fa466653ed0ace94937cac6c1fd6de52c6
worrying_en_gb,worrying,worrying,en-GB,feeling nervous or concerned,He is worrying about the test.,He is worrying about the test.,1,approved_source_supplied_by_content_owner,worry,regular,,D4_INF_ING_ENDINGS_REGULAR,worry + ing → worrying,Add -ing to the base word.,valid,candidate,{(worry)},VB|NN|JJ,1,"0,1,0",{(worry)},VB|NN,/wˈʌɹɪɪŋ/,W ER1 IY0 IH0 NG,3,primary-unstressed-unstressed,FALSE,4.120,11,,docs/implementation/seed-data/teaching-dictionary/releases/2026-07-26-next-1000-canonical-words-v2/package,worrying_en_gb,approved_for_first_exposure,active,/wˈʌɹɪɪŋ/,worry + ing → worrying,,The dark smoke looked worrying.,in_review,MorphoLex-en | open-dict-data ipa-dict en_UK | CMUdict | wordfreq | BNC | Brysbaert-Biemiller AoA,db4bcd354611174ba024cfe445c297eaaed2070439970594d79517826d864ba4,5bc425fbb710f3d63cab69e77ee731fa466653ed0ace94937cac6c1fd6de52c6
wrestling_en_gb,wrestling,wrestling,en-GB,grappling with another person as a sport,The two athletes are wrestling on the mat.,The two athletes are wrestling on the mat.,1,approved_source_supplied_by_content_owner,wrestle,drop_e,,D4_INF_ING_ENDINGS_DROP_E,wrestle + ing → wrestling,"Drop the final e, then add -ing.",valid,candidate,{(wrestle)},VB|NN,1,"0,1,0",{(wrestle)},VB,/ɹˈɛslɪŋ/,R EH1 S L IH0 NG,2,primary-unstressed,FALSE,4.140,0,2.00,docs/implementation/seed-data/teaching-dictionary/releases/2026-07-26-next-1000-canonical-words-v2/package,wrestling_en_gb,approved_for_first_exposure,active,/ɹˈɛslɪŋ/,wrestle + ing → wrestling,The final <e> in <wrestle> is omitted before <ing>.,Wrestling takes strength and balance.,in_review,MorphoLex-en | open-dict-data ipa-dict en_UK | CMUdict | wordfreq | BNC | Brysbaert-Biemiller AoA,db4bcd354611174ba024cfe445c297eaaed2070439970594d79517826d864ba4,5bc425fbb710f3d63cab69e77ee731fa466653ed0ace94937cac6c1fd6de52c6
dying_en_gb,dying,dying,en-GB,coming to the end of life,The old flower is dying.,The old flower is dying.,1,approved_source_supplied_by_content_owner,die,ie_to_y,,D4_INF_ING_ENDINGS_IE_TO_Y,die + ing → dying,"Change ie to y, then add -ing.",valid,candidate,{(die)},VB|NN,1,"0,1,0",{(die)},VB|NN,/dˈaɪɪŋ/,D AY1 IH0 NG,2,primary-unstressed,FALSE,4.630,28,4.00,,,,,,,,,in_review,MorphoLex-en | open-dict-data ipa-dict en_UK | CMUdict | wordfreq | BNC | Brysbaert-Biemiller AoA,db4bcd354611174ba024cfe445c297eaaed2070439970594d79517826d864ba4,5bc425fbb710f3d63cab69e77ee731fa466653ed0ace94937cac6c1fd6de52c6
lying_en_gb,lying,lying,en-GB,resting flat on a surface,The cat is lying on the rug.,The cat is lying on the rug.,1,approved_source_supplied_by_content_owner,lie,ie_to_y,,D4_INF_ING_ENDINGS_IE_TO_Y,lie + ing → lying,"Change ie to y, then add -ing.",valid,candidate,{(lie)},VB|NN,1,"0,1,0",{(lie)},VB|NN,/lˈaɪɪŋ/,L AY1 IH0 NG,2,primary-unstressed,FALSE,4.670,46,4.00,,,,,,,,,in_review,MorphoLex-en | open-dict-data ipa-dict en_UK | CMUdict | wordfreq | BNC | Brysbaert-Biemiller AoA,db4bcd354611174ba024cfe445c297eaaed2070439970594d79517826d864ba4,5bc425fbb710f3d63cab69e77ee731fa466653ed0ace94937cac6c1fd6de52c6
tying_en_gb,tying,tying,en-GB,fastening something with a knot,She is tying her shoelaces.,She is tying her shoelaces.,1,approved_source_supplied_by_content_owner,tie,ie_to_y,,D4_INF_ING_ENDINGS_IE_TO_Y,tie + ing → tying,"Change ie to y, then add -ing.",valid,candidate,{(tie)},VB,1,"0,1,0",{(tie)},NN|VB|JJ,/tˈaɪɪŋ/,T AY1 IH0 NG,2,primary-unstressed,FALSE,3.680,0,2.00,,,,,,,,,in_review,MorphoLex-en | open-dict-data ipa-dict en_UK | CMUdict | wordfreq | BNC | Brysbaert-Biemiller AoA,db4bcd354611174ba024cfe445c297eaaed2070439970594d79517826d864ba4,5bc425fbb710f3d63cab69e77ee731fa466653ed0ace94937cac6c1fd6de52c6
vying_en_gb,vying,vying,en-GB,competing to win or be chosen,The teams are vying for first place.,The teams are vying for first place.,1,approved_source_supplied_by_content_owner,vie,ie_to_y,,D4_INF_ING_ENDINGS_IE_TO_Y,vie + ing → vying,"Change ie to y, then add -ing.",valid,candidate,{(vie)},VB,1,"0,1,0",{(vie)},VB,/vˈaɪɪŋ/,V AY1 IH0 NG,2,primary-unstressed,FALSE,2.920,0,13.00,,,,,,,,,in_review,MorphoLex-en | open-dict-data ipa-dict en_UK | CMUdict | wordfreq | BNC | Brysbaert-Biemiller AoA,db4bcd354611174ba024cfe445c297eaaed2070439970594d79517826d864ba4,5bc425fbb710f3d63cab69e77ee731fa466653ed0ace94937cac6c1fd6de52c6
untying_en_gb,untying,untying,en-GB,undoing a knot,He is untying the ribbon.,He is untying the ribbon.,1,approved_source_supplied_by_content_owner,untie,ie_to_y,,D4_INF_ING_ENDINGS_IE_TO_Y,untie + ing → untying,"Change ie to y, then add -ing.",valid,candidate,,,,,<un<{(tie)},VB,/ʌntˈaɪɪŋ/,,2,in_review,FALSE,2.050,0,6.00,,,,,,,,,in_review,MorphoLex-en | open-dict-data ipa-dict en_UK | CMUdict | wordfreq | BNC | Brysbaert-Biemiller AoA,db4bcd354611174ba024cfe445c297eaaed2070439970594d79517826d864ba4,5bc425fbb710f3d63cab69e77ee731fa466653ed0ace94937cac6c1fd6de52c6
retying_en_gb,retying,retying,en-GB,tying something again,She is retying her loose shoelace.,She is retying her loose shoelace.,1,approved_source_supplied_by_content_owner,retie,ie_to_y,,D4_INF_ING_ENDINGS_IE_TO_Y,retie + ing → retying,"Change ie to y, then add -ing.",valid,candidate,,,,,,,,,,,,0.000,0,,,,,,,,,,in_review,MorphoLex-en | open-dict-data ipa-dict en_UK | CMUdict | wordfreq | BNC | Brysbaert-Biemiller AoA,db4bcd354611174ba024cfe445c297eaaed2070439970594d79517826d864ba4,5bc425fbb710f3d63cab69e77ee731fa466653ed0ace94937cac6c1fd6de52c6
belying_en_gb,belying,belying,en-GB,hiding the truth about how something really is,His calm smile is belying his nerves.,His calm smile is belying his nerves.,1,approved_source_supplied_by_content_owner,belie,ie_to_y,,D4_INF_ING_ENDINGS_IE_TO_Y,belie + ing → belying,"Change ie to y, then add -ing.",valid,candidate,<be<{(lie)},VB|NN,2,"1,1,0",<be<{(lie)},VB,/bɪlˈaɪɪŋ/,B IH0 L AY1 IH0 NG,3,unstressed-primary-unstressed,FALSE,1.770,0,,,,,,,,,,in_review,MorphoLex-en | open-dict-data ipa-dict en_UK | CMUdict | wordfreq | BNC | Brysbaert-Biemiller AoA,db4bcd354611174ba024cfe445c297eaaed2070439970594d79517826d864ba4,5bc425fbb710f3d63cab69e77ee731fa466653ed0ace94937cac6c1fd6de52c6
overlying_en_gb,overlying,overlying,en-GB,lying or resting on top of something,A blanket of snow is overlying the grass.,A blanket of snow is overlying the grass.,1,approved_source_supplied_by_content_owner,overlie,ie_to_y,,D4_INF_ING_ENDINGS_IE_TO_Y,overlie + ing → overlying,"Change ie to y, then add -ing.",valid,candidate,<over<{(lie)},JJ,2,"1,1,0",,,/ˌəʊvəlˈaɪɪŋ/,OW2 V ER0 L AY1 IH0 NG,4,secondary-unstressed-primary-unstressed,TRUE,2.610,0,,,,,,,,,,in_review,MorphoLex-en | open-dict-data ipa-dict en_UK | CMUdict | wordfreq | BNC | Brysbaert-Biemiller AoA,db4bcd354611174ba024cfe445c297eaaed2070439970594d79517826d864ba4,5bc425fbb710f3d63cab69e77ee731fa466653ed0ace94937cac6c1fd6de52c6
underlying_en_gb,underlying,underlying,en-GB,lying beneath something else,A layer of rock is underlying the soil.,A layer of rock is underlying the soil.,1,approved_source_supplied_by_content_owner,underlie,ie_to_y,,D4_INF_ING_ENDINGS_IE_TO_Y,underlie + ing → underlying,"Change ie to y, then add -ing.",valid,candidate,<under<{(lie)},VB,2,"1,1,0",<under<{(lie)},VB,/ˌʌndəlˈaɪɪŋ/,AH2 N D ER0 L AY1 IH0 NG,4,secondary-unstressed-primary-unstressed,TRUE,4.170,22,12.00,,,,,,,,,in_review,MorphoLex-en | open-dict-data ipa-dict en_UK | CMUdict | wordfreq | BNC | Brysbaert-Biemiller AoA,db4bcd354611174ba024cfe445c297eaaed2070439970594d79517826d864ba4,5bc425fbb710f3d63cab69e77ee731fa466653ed0ace94937cac6c1fd6de52c6
running_en_gb,running,running,en-GB,moving quickly on your feet,The boy is running to the gate.,The boy is running to the gate.,1,approved_source_supplied_by_content_owner,run,double_final_consonant,short_cvc,D4_INF_ING_ENDINGS_DOUBLE_FINAL_CONSONANT,run + ing → running,"Double the final consonant, then add -ing.",valid,candidate,{(run)},VB|NN,1,"0,1,0",{(run)},VB|NN,/ɹˈʌnɪŋ/,R AH1 N IH0 NG,2,primary-unstressed,FALSE,5.230,140,7.00,,,,,,,,,in_review,MorphoLex-en | open-dict-data ipa-dict en_UK | CMUdict | wordfreq | BNC | Brysbaert-Biemiller AoA,db4bcd354611174ba024cfe445c297eaaed2070439970594d79517826d864ba4,5bc425fbb710f3d63cab69e77ee731fa466653ed0ace94937cac6c1fd6de52c6
swimming_en_gb,swimming,swimming,en-GB,moving through water,She is swimming across the pool.,She is swimming across the pool.,1,approved_source_supplied_by_content_owner,swim,double_final_consonant,short_cvc,D4_INF_ING_ENDINGS_DOUBLE_FINAL_CONSONANT,swim + ing → swimming,"Double the final consonant, then add -ing.",valid,candidate,{(swim)},VB|NN,1,"0,1,0",{(swim)},VB|NN,/swˈɪmɪŋ/,S W IH1 M IH0 NG,2,primary-unstressed,FALSE,4.430,18,2.00,,,,,,,,,in_review,MorphoLex-en | open-dict-data ipa-dict en_UK | CMUdict | wordfreq | BNC | Brysbaert-Biemiller AoA,db4bcd354611174ba024cfe445c297eaaed2070439970594d79517826d864ba4,5bc425fbb710f3d63cab69e77ee731fa466653ed0ace94937cac6c1fd6de52c6
sitting_en_gb,sitting,sitting,en-GB,resting on a seat or surface,The class is sitting quietly.,The class is sitting quietly.,1,approved_source_supplied_by_content_owner,sit,double_final_consonant,short_cvc,D4_INF_ING_ENDINGS_DOUBLE_FINAL_CONSONANT,sit + ing → sitting,"Double the final consonant, then add -ing.",valid,candidate,{(sit)},VB|NN,1,"0,1,0",{(sit)},VB,/sˈɪtɪŋ/,S IH1 T IH0 NG,2,primary-unstressed,FALSE,4.860,81,4.00,,,,,,,,,in_review,MorphoLex-en | open-dict-data ipa-dict en_UK | CMUdict | wordfreq | BNC | Brysbaert-Biemiller AoA,db4bcd354611174ba024cfe445c297eaaed2070439970594d79517826d864ba4,5bc425fbb710f3d63cab69e77ee731fa466653ed0ace94937cac6c1fd6de52c6
getting_en_gb,getting,getting,en-GB,receiving or becoming something,He is getting ready for school.,He is getting ready for school.,1,approved_source_supplied_by_content_owner,get,double_final_consonant,short_cvc,D4_INF_ING_ENDINGS_DOUBLE_FINAL_CONSONANT,get + ing → getting,"Double the final consonant, then add -ing.",valid,candidate,{(get)},VB|NN,1,"0,1,0",{(get)},VB,/ɡˈɛtɪŋ/,G EH1 T IH0 NG,2,primary-unstressed,FALSE,5.570,203,2.00,,,,,,,,,in_review,MorphoLex-en | open-dict-data ipa-dict en_UK | CMUdict | wordfreq | BNC | Brysbaert-Biemiller AoA,db4bcd354611174ba024cfe445c297eaaed2070439970594d79517826d864ba4,5bc425fbb710f3d63cab69e77ee731fa466653ed0ace94937cac6c1fd6de52c6
putting_en_gb,putting,putting,en-GB,placing something somewhere,She is putting the books away.,She is putting the books away.,1,approved_source_supplied_by_content_owner,put,double_final_consonant,short_cvc,D4_INF_ING_ENDINGS_DOUBLE_FINAL_CONSONANT,put + ing → putting,"Double the final consonant, then add -ing.",valid,candidate,{(put)},VB|NN,1,"0,1,0",{(put)},VB|NN,,P AH1 T IH0 NG,2,primary-unstressed,FALSE,4.860,76,6.00,,,,,,,,,in_review,MorphoLex-en | open-dict-data ipa-dict en_UK | CMUdict | wordfreq | BNC | Brysbaert-Biemiller AoA,db4bcd354611174ba024cfe445c297eaaed2070439970594d79517826d864ba4,5bc425fbb710f3d63cab69e77ee731fa466653ed0ace94937cac6c1fd6de52c6
cutting_en_gb,cutting,cutting,en-GB,using something sharp to divide an object,He is cutting the paper carefully.,He is cutting the paper carefully.,1,approved_source_supplied_by_content_owner,cut,double_final_consonant,short_cvc,D4_INF_ING_ENDINGS_DOUBLE_FINAL_CONSONANT,cut + ing → cutting,"Double the final consonant, then add -ing.",valid,candidate,{(cut)},VB|NN,1,"0,1,0",{(cut)},VB|NN,/kˈʌtɪŋ/,K AH1 T IH0 NG,2,primary-unstressed,FALSE,4.610,38,8.50,,,,,,,,,in_review,MorphoLex-en | open-dict-data ipa-dict en_UK | CMUdict | wordfreq | BNC | Brysbaert-Biemiller AoA,db4bcd354611174ba024cfe445c297eaaed2070439970594d79517826d864ba4,5bc425fbb710f3d63cab69e77ee731fa466653ed0ace94937cac6c1fd6de52c6
hitting_en_gb,hitting,hitting,en-GB,striking something,She is hitting the ball with a bat.,She is hitting the ball with a bat.,1,approved_source_supplied_by_content_owner,hit,double_final_consonant,short_cvc,D4_INF_ING_ENDINGS_DOUBLE_FINAL_CONSONANT,hit + ing → hitting,"Double the final consonant, then add -ing.",valid,candidate,{(hit)},VB|NN,1,"0,1,0",{(hit)},VB,/hˈɪtɪŋ/,HH IH1 T IH0 NG,2,primary-unstressed,FALSE,4.460,11,,,,,,,,,,in_review,MorphoLex-en | open-dict-data ipa-dict en_UK | CMUdict | wordfreq | BNC | Brysbaert-Biemiller AoA,db4bcd354611174ba024cfe445c297eaaed2070439970594d79517826d864ba4,5bc425fbb710f3d63cab69e77ee731fa466653ed0ace94937cac6c1fd6de52c6
winning_en_gb,winning,winning,en-GB,coming first in a game or contest,Our team is winning the match.,Our team is winning the match.,1,approved_source_supplied_by_content_owner,win,double_final_consonant,short_cvc,D4_INF_ING_ENDINGS_DOUBLE_FINAL_CONSONANT,win + ing → winning,"Double the final consonant, then add -ing.",valid,candidate,{(win)},VB|NN,1,"0,1,0",{(win)},VB|NN,/wˈɪnɪŋ/,W IH1 N IH0 NG,2,primary-unstressed,FALSE,4.980,31,6.00,,,,,,,,,in_review,MorphoLex-en | open-dict-data ipa-dict en_UK | CMUdict | wordfreq | BNC | Brysbaert-Biemiller AoA,db4bcd354611174ba024cfe445c297eaaed2070439970594d79517826d864ba4,5bc425fbb710f3d63cab69e77ee731fa466653ed0ace94937cac6c1fd6de52c6
clapping_en_gb,clapping,clapping,en-GB,hitting your hands together to make a sound,The audience is clapping loudly.,The audience is clapping loudly.,1,approved_source_supplied_by_content_owner,clap,double_final_consonant,short_cvc,D4_INF_ING_ENDINGS_DOUBLE_FINAL_CONSONANT,clap + ing → clapping,"Double the final consonant, then add -ing.",valid,candidate,{(clap)},VB,1,"0,1,0",{(clap)},VB|NN,/klˈæpɪŋ/,K L AE1 P IH0 NG,2,primary-unstressed,FALSE,3.360,0,,,,,,,,,,in_review,MorphoLex-en | open-dict-data ipa-dict en_UK | CMUdict | wordfreq | BNC | Brysbaert-Biemiller AoA,db4bcd354611174ba024cfe445c297eaaed2070439970594d79517826d864ba4,5bc425fbb710f3d63cab69e77ee731fa466653ed0ace94937cac6c1fd6de52c6
skipping_en_gb,skipping,skipping,en-GB,moving with light steps and little jumps,She is skipping across the playground.,She is skipping across the playground.,1,approved_source_supplied_by_content_owner,skip,double_final_consonant,short_cvc,D4_INF_ING_ENDINGS_DOUBLE_FINAL_CONSONANT,skip + ing → skipping,"Double the final consonant, then add -ing.",valid,candidate,{(skip)},VB,1,"0,1,0",{(skip)},VB|NN,/skˈɪpɪŋ/,S K IH1 P IH0 NG,2,primary-unstressed,FALSE,3.570,0,,,,,,,,,,in_review,MorphoLex-en | open-dict-data ipa-dict en_UK | CMUdict | wordfreq | BNC | Brysbaert-Biemiller AoA,db4bcd354611174ba024cfe445c297eaaed2070439970594d79517826d864ba4,5bc425fbb710f3d63cab69e77ee731fa466653ed0ace94937cac6c1fd6de52c6
hopping_en_gb,hopping,hopping,en-GB,jumping on one foot,The rabbit is hopping through the grass.,The rabbit is hopping through the grass.,1,approved_source_supplied_by_content_owner,hop,double_final_consonant,short_cvc,D4_INF_ING_ENDINGS_DOUBLE_FINAL_CONSONANT,hop + ing → hopping,"Double the final consonant, then add -ing.",valid,candidate,{(hop)},VB,1,"0,1,0",{(hop)},NN|VB,/hˈɒpɪŋ/,HH AA1 P IH0 NG,2,primary-unstressed,FALSE,3.430,0,,,,,,,,,,in_review,MorphoLex-en | open-dict-data ipa-dict en_UK | CMUdict | wordfreq | BNC | Brysbaert-Biemiller AoA,db4bcd354611174ba024cfe445c297eaaed2070439970594d79517826d864ba4,5bc425fbb710f3d63cab69e77ee731fa466653ed0ace94937cac6c1fd6de52c6
chatting_en_gb,chatting,chatting,en-GB,talking in a friendly way,We are chatting after class.,We are chatting after class.,1,approved_source_supplied_by_content_owner,chat,double_final_consonant,short_cvc,D4_INF_ING_ENDINGS_DOUBLE_FINAL_CONSONANT,chat + ing → chatting,"Double the final consonant, then add -ing.",valid,candidate,{(chat)},VB,1,"0,1,0",{(chat)},NN|VB,/tʃˈætɪŋ/,CH AE1 T IH0 NG,2,primary-unstressed,FALSE,3.770,0,,,,,,,,,,in_review,MorphoLex-en | open-dict-data ipa-dict en_UK | CMUdict | wordfreq | BNC | Brysbaert-Biemiller AoA,db4bcd354611174ba024cfe445c297eaaed2070439970594d79517826d864ba4,5bc425fbb710f3d63cab69e77ee731fa466653ed0ace94937cac6c1fd6de52c6
grabbing_en_gb,grabbing,grabbing,en-GB,taking hold of something quickly,He is grabbing his coat.,He is grabbing his coat.,1,approved_source_supplied_by_content_owner,grab,double_final_consonant,short_cvc,D4_INF_ING_ENDINGS_DOUBLE_FINAL_CONSONANT,grab + ing → grabbing,"Double the final consonant, then add -ing.",valid,candidate,{(grab)},VB|JJ,1,"0,1,0",{(grab)},VB|NN,/ɡɹˈæbɪŋ/,G R AE1 B IH0 NG,2,primary-unstressed,FALSE,3.770,0,,,,,,,,,,in_review,MorphoLex-en | open-dict-data ipa-dict en_UK | CMUdict | wordfreq | BNC | Brysbaert-Biemiller AoA,db4bcd354611174ba024cfe445c297eaaed2070439970594d79517826d864ba4,5bc425fbb710f3d63cab69e77ee731fa466653ed0ace94937cac6c1fd6de52c6
slipping_en_gb,slipping,slipping,en-GB,sliding by accident,The cup is slipping from my hand.,The cup is slipping from my hand.,1,approved_source_supplied_by_content_owner,slip,double_final_consonant,short_cvc,D4_INF_ING_ENDINGS_DOUBLE_FINAL_CONSONANT,slip + ing → slipping,"Double the final consonant, then add -ing.",valid,candidate,{(slip)},VB,1,"0,1,0",{(slip)},NN|VB,/slˈɪpɪŋ/,S L IH1 P IH0 NG,2,primary-unstressed,FALSE,3.690,0,,,,,,,,,,in_review,MorphoLex-en | open-dict-data ipa-dict en_UK | CMUdict | wordfreq | BNC | Brysbaert-Biemiller AoA,db4bcd354611174ba024cfe445c297eaaed2070439970594d79517826d864ba4,5bc425fbb710f3d63cab69e77ee731fa466653ed0ace94937cac6c1fd6de52c6
stopping_en_gb,stopping,stopping,en-GB,coming to an end or no longer moving,The bus is stopping at the corner.,The bus is stopping at the corner.,1,approved_source_supplied_by_content_owner,stop,double_final_consonant,short_cvc,D4_INF_ING_ENDINGS_DOUBLE_FINAL_CONSONANT,stop + ing → stopping,"Double the final consonant, then add -ing.",valid,candidate,{(stop)},VB|NN,1,"0,1,0",{(stop)},VB|NN,/stˈɒpɪŋ/,S T AA1 P IH0 NG,2,primary-unstressed,FALSE,4.290,16,4.00,,,,,,,,,in_review,MorphoLex-en | open-dict-data ipa-dict en_UK | CMUdict | wordfreq | BNC | Brysbaert-Biemiller AoA,db4bcd354611174ba024cfe445c297eaaed2070439970594d79517826d864ba4,5bc425fbb710f3d63cab69e77ee731fa466653ed0ace94937cac6c1fd6de52c6
tapping_en_gb,tapping,tapping,en-GB,touching something lightly again and again,She is tapping the drum softly.,She is tapping the drum softly.,1,approved_source_supplied_by_content_owner,tap,double_final_consonant,short_cvc,D4_INF_ING_ENDINGS_DOUBLE_FINAL_CONSONANT,tap + ing → tapping,"Double the final consonant, then add -ing.",valid,candidate,{(tap)},VB|NN,1,"0,1,0",{(tap)},NN|VB,/tˈæpɪŋ/,T AE1 P IH0 NG,2,primary-unstressed,FALSE,3.760,0,,,,,,,,,,in_review,MorphoLex-en | open-dict-data ipa-dict en_UK | CMUdict | wordfreq | BNC | Brysbaert-Biemiller AoA,db4bcd354611174ba024cfe445c297eaaed2070439970594d79517826d864ba4,5bc425fbb710f3d63cab69e77ee731fa466653ed0ace94937cac6c1fd6de52c6
drumming_en_gb,drumming,drumming,en-GB,playing a drum,He is drumming to the beat.,He is drumming to the beat.,1,approved_source_supplied_by_content_owner,drum,double_final_consonant,short_cvc,D4_INF_ING_ENDINGS_DOUBLE_FINAL_CONSONANT,drum + ing → drumming,"Double the final consonant, then add -ing.",valid,candidate,{(drum)},VB,1,"0,1,0",{(drum)},NN|VB,/dɹˈʌmɪŋ/,D R AH1 M IH0 NG,2,primary-unstressed,FALSE,3.220,0,,,,,,,,,,in_review,MorphoLex-en | open-dict-data ipa-dict en_UK | CMUdict | wordfreq | BNC | Brysbaert-Biemiller AoA,db4bcd354611174ba024cfe445c297eaaed2070439970594d79517826d864ba4,5bc425fbb710f3d63cab69e77ee731fa466653ed0ace94937cac6c1fd6de52c6
jogging_en_gb,jogging,jogging,en-GB,running slowly for exercise,Dad is jogging around the park.,Dad is jogging around the park.,1,approved_source_supplied_by_content_owner,jog,double_final_consonant,short_cvc,D4_INF_ING_ENDINGS_DOUBLE_FINAL_CONSONANT,jog + ing → jogging,"Double the final consonant, then add -ing.",valid,candidate,{(jog)},NN|VB,1,"0,1,0",{(jog)},VB,/dʒˈɒɡɪŋ/,JH AA1 G IH0 NG,2,primary-unstressed,FALSE,3.380,0,4.00,,,,,,,,,in_review,MorphoLex-en | open-dict-data ipa-dict en_UK | CMUdict | wordfreq | BNC | Brysbaert-Biemiller AoA,db4bcd354611174ba024cfe445c297eaaed2070439970594d79517826d864ba4,5bc425fbb710f3d63cab69e77ee731fa466653ed0ace94937cac6c1fd6de52c6
spinning_en_gb,spinning,spinning,en-GB,turning around quickly,The wheel is spinning fast.,The wheel is spinning fast.,1,approved_source_supplied_by_content_owner,spin,double_final_consonant,short_cvc,D4_INF_ING_ENDINGS_DOUBLE_FINAL_CONSONANT,spin + ing → spinning,"Double the final consonant, then add -ing.",valid,candidate,{(spin)},VB,1,"0,1,0",{(spin)},VB|NN,/spˈɪnɪŋ/,S P IH1 N IH0 NG,2,primary-unstressed,FALSE,3.980,0,6.00,,,,,,,,,in_review,MorphoLex-en | open-dict-data ipa-dict en_UK | CMUdict | wordfreq | BNC | Brysbaert-Biemiller AoA,db4bcd354611174ba024cfe445c297eaaed2070439970594d79517826d864ba4,5bc425fbb710f3d63cab69e77ee731fa466653ed0ace94937cac6c1fd6de52c6
travelling_en_gb,travelling,travelling,en-GB,going from one place to another,We are travelling by train.,We are travelling by train.,1,approved_source_supplied_by_content_owner,travel,double_final_consonant,british_final_l,D4_INF_ING_ENDINGS_DOUBLE_FINAL_CONSONANT,travel + ing → travelling,"Double the final consonant, then add -ing.",valid,requires_british_final_l_rule,{(travel)},VB,1,"0,1,0",{(travel)},NN|VB,/tɹˈævəlɪŋ/,T R AE1 V AH0 L IH0 NG,3,primary-unstressed-unstressed,TRUE,4.160,24,,,,,,,,,,in_review,MorphoLex-en | open-dict-data ipa-dict en_UK | CMUdict | wordfreq | BNC | Brysbaert-Biemiller AoA,db4bcd354611174ba024cfe445c297eaaed2070439970594d79517826d864ba4,5bc425fbb710f3d63cab69e77ee731fa466653ed0ace94937cac6c1fd6de52c6
making_en_gb,making,making,en-GB,creating or producing something,She is making a paper boat.,She is making a paper boat.,1,approved_source_supplied_by_content_owner,make,drop_e,,D4_INF_ING_ENDINGS_DROP_E,make + ing → making,"Drop the final e, then add -ing.",valid,candidate,{(make)},VB|NN,1,"0,1,0",{(make)},VB|NN,/mˈeɪkɪŋ/,M EY1 K IH0 NG,2,primary-unstressed,FALSE,5.540,278,,,,,,,,,,in_review,MorphoLex-en | open-dict-data ipa-dict en_UK | CMUdict | wordfreq | BNC | Brysbaert-Biemiller AoA,db4bcd354611174ba024cfe445c297eaaed2070439970594d79517826d864ba4,5bc425fbb710f3d63cab69e77ee731fa466653ed0ace94937cac6c1fd6de52c6
writing_en_gb,writing,writing,en-GB,"forming words with a pen, pencil, or keyboard",He is writing a short story.,He is writing a short story.,1,approved_source_supplied_by_content_owner,write,drop_e,,D4_INF_ING_ENDINGS_DROP_E,write + ing → writing,"Drop the final e, then add -ing.",valid,candidate,{(write)},VB|NN,1,"0,1,0",{(write)},VB,/ɹˈaɪtɪŋ/,R AY1 T IH0 NG,2,primary-unstressed,FALSE,5.070,116,4.00,,,,,,,,,in_review,MorphoLex-en | open-dict-data ipa-dict en_UK | CMUdict | wordfreq | BNC | Brysbaert-Biemiller AoA,db4bcd354611174ba024cfe445c297eaaed2070439970594d79517826d864ba4,5bc425fbb710f3d63cab69e77ee731fa466653ed0ace94937cac6c1fd6de52c6
riding_en_gb,riding,riding,en-GB,"travelling on a bike, horse, or similar thing",She is riding her bike.,She is riding her bike.,1,approved_source_supplied_by_content_owner,ride,drop_e,,D4_INF_ING_ENDINGS_DROP_E,ride + ing → riding,"Drop the final e, then add -ing.",valid,candidate,{(ride)},VB|NN,1,"0,1,0",{(ride)},NN|VB,/ɹˈaɪdɪŋ/,R AY1 D IH0 NG,2,primary-unstressed,FALSE,4.490,17,2.00,,,,,,,,,in_review,MorphoLex-en | open-dict-data ipa-dict en_UK | CMUdict | wordfreq | BNC | Brysbaert-Biemiller AoA,db4bcd354611174ba024cfe445c297eaaed2070439970594d79517826d864ba4,5bc425fbb710f3d63cab69e77ee731fa466653ed0ace94937cac6c1fd6de52c6
hoping_en_gb,hoping,hoping,en-GB,wanting something good to happen,I am hoping for sunny weather.,I am hoping for sunny weather.,1,approved_source_supplied_by_content_owner,hope,drop_e,,D4_INF_ING_ENDINGS_DROP_E,hope + ing → hoping,"Drop the final e, then add -ing.",valid,candidate,{(hope)},VB,1,"0,1,0",{(hope)},NN|VB,/hˈəʊpɪŋ/,HH OW1 P IH0 NG,2,primary-unstressed,FALSE,4.670,35,,,,,,,,,,in_review,MorphoLex-en | open-dict-data ipa-dict en_UK | CMUdict | wordfreq | BNC | Brysbaert-Biemiller AoA,db4bcd354611174ba024cfe445c297eaaed2070439970594d79517826d864ba4,5bc425fbb710f3d63cab69e77ee731fa466653ed0ace94937cac6c1fd6de52c6
smiling_en_gb,smiling,smiling,en-GB,showing happiness with your face,The baby is smiling at me.,The baby is smiling at me.,1,approved_source_supplied_by_content_owner,smile,drop_e,,D4_INF_ING_ENDINGS_DROP_E,smile + ing → smiling,"Drop the final e, then add -ing.",valid,candidate,{(smile)},VB|NN,1,"0,1,0",{(smile)},NN|VB,/smˈaɪlɪŋ/,S M AY1 L IH0 NG,2,primary-unstressed,FALSE,4.150,22,,,,,,,,,,in_review,MorphoLex-en | open-dict-data ipa-dict en_UK | CMUdict | wordfreq | BNC | Brysbaert-Biemiller AoA,db4bcd354611174ba024cfe445c297eaaed2070439970594d79517826d864ba4,5bc425fbb710f3d63cab69e77ee731fa466653ed0ace94937cac6c1fd6de52c6
shining_en_gb,shining,shining,en-GB,giving off or reflecting light,The sun is shining brightly.,The sun is shining brightly.,1,approved_source_supplied_by_content_owner,shine,drop_e,,D4_INF_ING_ENDINGS_DROP_E,shine + ing → shining,"Drop the final e, then add -ing.",valid,candidate,{(shine)},VB|NN|JJ,1,"0,1,0",{(shine)},VB|NN,/ʃˈaɪnɪŋ/,SH AY1 N IH0 NG,2,primary-unstressed,FALSE,3.980,0,,,,,,,,,,in_review,MorphoLex-en | open-dict-data ipa-dict en_UK | CMUdict | wordfreq | BNC | Brysbaert-Biemiller AoA,db4bcd354611174ba024cfe445c297eaaed2070439970594d79517826d864ba4,5bc425fbb710f3d63cab69e77ee731fa466653ed0ace94937cac6c1fd6de52c6
using_en_gb,using,using,en-GB,doing something with a tool or object,He is using a ruler.,He is using a ruler.,1,approved_source_supplied_by_content_owner,use,drop_e,,D4_INF_ING_ENDINGS_DROP_E,use + ing → using,"Drop the final e, then add -ing.",valid,candidate,{(use)},VB|NN,1,"0,1,0",{(use)},VB,/jˈuːzɪŋ/,Y UW1 Z IH0 NG,2,primary-unstressed,FALSE,5.470,247,2.00,,,,,,,,,in_review,MorphoLex-en | open-dict-data ipa-dict en_UK | CMUdict | wordfreq | BNC | Brysbaert-Biemiller AoA,db4bcd354611174ba024cfe445c297eaaed2070439970594d79517826d864ba4,5bc425fbb710f3d63cab69e77ee731fa466653ed0ace94937cac6c1fd6de52c6
coming_en_gb,coming,coming,en-GB,moving towards a place,The bus is coming now.,The bus is coming now.,1,approved_source_supplied_by_content_owner,come,drop_e,,D4_INF_ING_ENDINGS_DROP_E,come + ing → coming,"Drop the final e, then add -ing.",valid,candidate,{(come)},VB|NN|JJ,1,"0,1,0",{(come)},VB|NN,/kˈʌmɪŋ/,K AH1 M IH0 NG,2,primary-unstressed,FALSE,5.400,196,3.00,,,,,,,,,in_review,MorphoLex-en | open-dict-data ipa-dict en_UK | CMUdict | wordfreq | BNC | Brysbaert-Biemiller AoA,db4bcd354611174ba024cfe445c297eaaed2070439970594d79517826d864ba4,5bc425fbb710f3d63cab69e77ee731fa466653ed0ace94937cac6c1fd6de52c6
taking_en_gb,taking,taking,en-GB,carrying or moving something with you,She is taking her lunch to school.,She is taking her lunch to school.,1,approved_source_supplied_by_content_owner,take,drop_e,,D4_INF_ING_ENDINGS_DROP_E,take + ing → taking,"Drop the final e, then add -ing.",valid,candidate,{(take)},VB|NN,1,"0,1,0",{(take)},VB|NN,/tˈeɪkɪŋ/,T EY1 K IH0 NG,2,primary-unstressed,FALSE,5.390,218,9.00,,,,,,,,,in_review,MorphoLex-en | open-dict-data ipa-dict en_UK | CMUdict | wordfreq | BNC | Brysbaert-Biemiller AoA,db4bcd354611174ba024cfe445c297eaaed2070439970594d79517826d864ba4,5bc425fbb710f3d63cab69e77ee731fa466653ed0ace94937cac6c1fd6de52c6
saving_en_gb,saving,saving,en-GB,keeping something for later,He is saving his pocket money.,He is saving his pocket money.,1,approved_source_supplied_by_content_owner,save,drop_e,,D4_INF_ING_ENDINGS_DROP_E,save + ing → saving,"Drop the final e, then add -ing.",valid,candidate,{(save)},VB|NN,1,"0,1,0",{(save)},VB|NN,/sˈeɪvɪŋ/,S EY1 V IH0 NG,2,primary-unstressed,FALSE,4.590,24,8.00,,,,,,,,,in_review,MorphoLex-en | open-dict-data ipa-dict en_UK | CMUdict | wordfreq | BNC | Brysbaert-Biemiller AoA,db4bcd354611174ba024cfe445c297eaaed2070439970594d79517826d864ba4,5bc425fbb710f3d63cab69e77ee731fa466653ed0ace94937cac6c1fd6de52c6
closing_en_gb,closing,closing,en-GB,shutting something,She is closing the window.,She is closing the window.,1,approved_source_supplied_by_content_owner,close,drop_e,,D4_INF_ING_ENDINGS_DROP_E,close + ing → closing,"Drop the final e, then add -ing.",valid,candidate,{(close)},VB|NN,1,"0,1,0",{(close)},VB,/klˈəʊzɪŋ/,K L OW1 Z IH0 NG,2,primary-unstressed,FALSE,4.460,14,,,,,,,,,,in_review,MorphoLex-en | open-dict-data ipa-dict en_UK | CMUdict | wordfreq | BNC | Brysbaert-Biemiller AoA,db4bcd354611174ba024cfe445c297eaaed2070439970594d79517826d864ba4,5bc425fbb710f3d63cab69e77ee731fa466653ed0ace94937cac6c1fd6de52c6
playing_en_gb,playing,playing,en-GB,taking part in a game or activity,The children are playing outside.,The children are playing outside.,1,approved_source_supplied_by_content_owner,play,regular,,D4_INF_ING_ENDINGS_REGULAR,play + ing → playing,Add -ing to the base word.,valid,candidate,{(play)},VB|NN,1,"0,1,0",{(play)},VB|NN,/plˈeɪɪŋ/,P L EY1 IH0 NG,2,primary-unstressed,FALSE,5.370,101,,,,,,,,,,in_review,MorphoLex-en | open-dict-data ipa-dict en_UK | CMUdict | wordfreq | BNC | Brysbaert-Biemiller AoA,db4bcd354611174ba024cfe445c297eaaed2070439970594d79517826d864ba4,5bc425fbb710f3d63cab69e77ee731fa466653ed0ace94937cac6c1fd6de52c6
reading_en_gb,reading,reading,en-GB,looking at and understanding written words,She is reading a new book.,She is reading a new book.,1,approved_source_supplied_by_content_owner,read,regular,,D4_INF_ING_ENDINGS_REGULAR,read + ing → reading,Add -ing to the base word.,valid,candidate,{(read)},NN|VB,1,"0,1,0",{(read)},VB|NN,,R IY1 D IH0 NG,2,primary-unstressed,FALSE,5.140,109,4.00,,,,,,,,,in_review,MorphoLex-en | open-dict-data ipa-dict en_UK | CMUdict | wordfreq | BNC | Brysbaert-Biemiller AoA,db4bcd354611174ba024cfe445c297eaaed2070439970594d79517826d864ba4,5bc425fbb710f3d63cab69e77ee731fa466653ed0ace94937cac6c1fd6de52c6
jumping_en_gb,jumping,jumping,en-GB,pushing yourself off the ground,The frog is jumping over a log.,The frog is jumping over a log.,1,approved_source_supplied_by_content_owner,jump,regular,,D4_INF_ING_ENDINGS_REGULAR,jump + ing → jumping,Add -ing to the base word.,valid,candidate,{(jump)},VB|NN,1,"0,1,0",{(jump)},NN|VB,/dʒˈʌmpɪŋ/,JH AH1 M P IH0 NG,2,primary-unstressed,FALSE,4.230,0,,,,,,,,,,in_review,MorphoLex-en | open-dict-data ipa-dict en_UK | CMUdict | wordfreq | BNC | Brysbaert-Biemiller AoA,db4bcd354611174ba024cfe445c297eaaed2070439970594d79517826d864ba4,5bc425fbb710f3d63cab69e77ee731fa466653ed0ace94937cac6c1fd6de52c6
helping_en_gb,helping,helping,en-GB,making something easier for someone,He is helping his friend.,He is helping his friend.,1,approved_source_supplied_by_content_owner,help,regular,,D4_INF_ING_ENDINGS_REGULAR,help + ing → helping,Add -ing to the base word.,valid,candidate,{(help)},VB|NN,1,"0,1,0",{(help)},VB|NN,/hˈɛlpɪŋ/,HH EH1 L P IH0 NG,2,primary-unstressed,FALSE,4.780,39,6.00,,,,,,,,,in_review,MorphoLex-en | open-dict-data ipa-dict en_UK | CMUdict | wordfreq | BNC | Brysbaert-Biemiller AoA,db4bcd354611174ba024cfe445c297eaaed2070439970594d79517826d864ba4,5bc425fbb710f3d63cab69e77ee731fa466653ed0ace94937cac6c1fd6de52c6
looking_en_gb,looking,looking,en-GB,using your eyes to see something,We are looking at the stars.,We are looking at the stars.,1,approved_source_supplied_by_content_owner,look,regular,,D4_INF_ING_ENDINGS_REGULAR,look + ing → looking,Add -ing to the base word.,valid,candidate,{(look)},VB|NN,1,"0,1,0",{(look)},VB|NN,/lˈʊkɪŋ/,L UH1 K IH0 NG,2,primary-unstressed,FALSE,5.570,264,,,,,,,,,,in_review,MorphoLex-en | open-dict-data ipa-dict en_UK | CMUdict | wordfreq | BNC | Brysbaert-Biemiller AoA,db4bcd354611174ba024cfe445c297eaaed2070439970594d79517826d864ba4,5bc425fbb710f3d63cab69e77ee731fa466653ed0ace94937cac6c1fd6de52c6
singing_en_gb,singing,singing,en-GB,making music with your voice,They are singing a song.,They are singing a song.,1,approved_source_supplied_by_content_owner,sing,regular,,D4_INF_ING_ENDINGS_REGULAR,sing + ing → singing,Add -ing to the base word.,valid,candidate,{(sing)},VB|NN,1,"0,1,0",{(sing)},VB,/sˈɪŋɪŋ/,S IH1 NG IH0 NG,2,primary-unstressed,FALSE,4.590,21,,,,,,,,,,in_review,MorphoLex-en | open-dict-data ipa-dict en_UK | CMUdict | wordfreq | BNC | Brysbaert-Biemiller AoA,db4bcd354611174ba024cfe445c297eaaed2070439970594d79517826d864ba4,5bc425fbb710f3d63cab69e77ee731fa466653ed0ace94937cac6c1fd6de52c6
washing_en_gb,washing,washing,en-GB,cleaning something with water,She is washing her hands.,She is washing her hands.,1,approved_source_supplied_by_content_owner,wash,regular,,D4_INF_ING_ENDINGS_REGULAR,wash + ing → washing,Add -ing to the base word.,valid,candidate,{(wash)},VB|NN,1,"0,1,0",{(wash)},NN|VB,/wˈɒʃɪŋ/,W AA1 SH IH0 NG,2,primary-unstressed,FALSE,4.130,26,2.00,,,,,,,,,in_review,MorphoLex-en | open-dict-data ipa-dict en_UK | CMUdict | wordfreq | BNC | Brysbaert-Biemiller AoA,db4bcd354611174ba024cfe445c297eaaed2070439970594d79517826d864ba4,5bc425fbb710f3d63cab69e77ee731fa466653ed0ace94937cac6c1fd6de52c6
opening_en_gb,opening,opening,en-GB,making something no longer closed,He is opening the present.,He is opening the present.,1,approved_source_supplied_by_content_owner,open,regular,,D4_INF_ING_ENDINGS_REGULAR,open + ing → opening,Add -ing to the base word.,valid,candidate,{(open)},NN|VB,1,"0,1,0",{(open)},JJ|VB|NN|RB,/ˈəʊpənɪŋ/,OW1 P AH0 N IH0 NG,3,primary-unstressed-unstressed,TRUE,4.940,76,6.00,,,,,,,,,in_review,MorphoLex-en | open-dict-data ipa-dict en_UK | CMUdict | wordfreq | BNC | Brysbaert-Biemiller AoA,db4bcd354611174ba024cfe445c297eaaed2070439970594d79517826d864ba4,5bc425fbb710f3d63cab69e77ee731fa466653ed0ace94937cac6c1fd6de52c6
asking_en_gb,asking,asking,en-GB,saying a question or requesting something,She is asking for help.,She is asking for help.,1,approved_source_supplied_by_content_owner,ask,regular,,D4_INF_ING_ENDINGS_REGULAR,ask + ing → asking,Add -ing to the base word.,valid,candidate,{(ask)},VB|NN,1,"0,1,0",{(ask)},VB,/ˈɑːskɪŋ/,AE1 S K IH0 NG,2,primary-unstressed,FALSE,4.960,63,,,,,,,,,,in_review,MorphoLex-en | open-dict-data ipa-dict en_UK | CMUdict | wordfreq | BNC | Brysbaert-Biemiller AoA,db4bcd354611174ba024cfe445c297eaaed2070439970594d79517826d864ba4,5bc425fbb710f3d63cab69e77ee731fa466653ed0ace94937cac6c1fd6de52c6
working_en_gb,working,working,en-GB,doing a job or task,Dad is working at his desk.,Dad is working at his desk.,1,approved_source_supplied_by_content_owner,work,regular,,D4_INF_ING_ENDINGS_REGULAR,work + ing → working,Add -ing to the base word.,valid,candidate,{(work)},VB|NN|JJ,1,"0,1,0",{(work)},NN|VB,/wˈɜːkɪŋ/,W ER1 K IH0 NG,2,primary-unstressed,FALSE,5.450,292,,,,,,,,,,in_review,MorphoLex-en | open-dict-data ipa-dict en_UK | CMUdict | wordfreq | BNC | Brysbaert-Biemiller AoA,db4bcd354611174ba024cfe445c297eaaed2070439970594d79517826d864ba4,5bc425fbb710f3d63cab69e77ee731fa466653ed0ace94937cac6c1fd6de52c6
