sourceFile,routeId,routeVersion,microSkillKey,affectedWords,sourceState,sourceMissingFacts,expectedContentVersionId,expectedContentVersion,expectedProfileId,expectedSourceRowHash,expectedAuthorityId,expectedSemanticFingerprint,existingRouteContentJSON,draftIdentifier,draftDate,reviewStatus,approvalStatus,runtimeEligible,languageVariant,targetWord,authoringScope,teachingObjective,wordMeaning,childFriendlyExplanation,ruleExplanation,wordAnalysisType,wordSum,wordPartsJSON,spellingFocus,wordAnalysisAdditionalJSON,memoryTip,commonMisconceptions,illustrativeWordCandidatesJSON,activity1_phase,activity1_activityType,activity1_childPrompt,activity1_expectedResponse,activity1_feedbackGuidance,activity2_phase,activity2_activityType,activity2_childPrompt,activity2_expectedResponse,activity2_feedbackGuidance,activity3_phase,activity3_activityType,activity3_childPrompt,activity3_expectedResponse,activity3_feedbackGuidance,activity4_phase,activity4_activityType,activity4_childPrompt,activity4_expectedResponse,activity4_feedbackGuidance,activity5_phase,activity5_activityType,activity5_childPrompt,activity5_expectedResponse,activity5_feedbackGuidance,activity6_phase,activity6_activityType,activity6_childPrompt,activity6_expectedResponse,activity6_feedbackGuidance,dictation1_sentence,dictation1_targetWord,dictation1_isObservedChildEvidence,dictation2_sentence,dictation2_targetWord,dictation2_isObservedChildEvidence,proofreading1_incorrect,proofreading1_correct,proofreading1_reason,proofreading2_incorrect,proofreading2_correct,proofreading2_reason,laterRetrievalPrompt,transferPrompt,proofreadingPrompt,schedulingAuthority,successCriteriaForFutureAssessment,teacherEditorialNotes,editorialReviewFlags,lineageJSON,activity1_phase,activity1_activityType,activity1_childPrompt,activity1_expectedResponse,activity1_feedbackGuidance,activity2_phase,activity2_activityType,activity2_childPrompt,activity2_expectedResponse,activity2_feedbackGuidance,activity3_phase,activity3_activityType,activity3_childPrompt,activity3_expectedResponse,activity3_feedbackGuidance,activity4_phase,activity4_activityType,activity4_childPrompt,activity4_expectedResponse,activity4_feedbackGuidance,activity5_phase,activity5_activityType,activity5_childPrompt,activity5_expectedResponse,activity5_feedbackGuidance,activity6_phase,activity6_activityType,activity6_childPrompt,activity6_expectedResponse,activity6_feedbackGuidance,dictation1_sentence,dictation1_targetWord,dictation1_isObservedChildEvidence,dictation2_sentence,dictation2_targetWord,dictation2_isObservedChildEvidence,proofreading1_incorrect,proofreading1_correct,proofreading1_reason,proofreading2_incorrect,proofreading2_correct,proofreading2_reason
prefix-lessons.json,dynamic_prefix_word_lab,v2,D4_MOR_PREFIXES_RE_PRE,renew,unknown,Route-specific teaching content has not been certified for this word and child.,bc017fca-8251-589d-9744-0c503393b4ea,human_reviewed_v1,d21f1a35-59bb-455c-a9f4-7207acaf07c7,1272e34ecb2590d1084bcec18a9c9d62b30c1d43a27e25478feee8016ad093b7,,,"{""prefix_label"":""re- and pre-"",""prefix_text"":""mixed"",""prefix_meaning"":""again/back or before"",""meaning_bins"":[{""id"":""again_back"",""label"":""AGAIN OR BACK"",""prefixText"":""re"",""description"":""again or back""},{""id"":""before"",""label"":""BEFORE"",""prefixText"":""pre"",""description"":""before""}],""prefix_choices"":[{""text"":""re"",""label"":""re-"",""rules"":[""Use re- at the beginning when the new word means again or back. Keep the base word’s spelling.""],""status"":""target"",""example"":{""base"":""build"",""word"":""rebuild"",""prefix"":""re"",""meaning"":""build again""},""meaning"":""again or back"",""outcome"":null,""reviewedSource"":""dynamic-prefix-pedagogy-v1""},{""text"":""pre"",""label"":""pre-"",""rules"":[""Use pre- at the beginning when the new word means before. Keep the base word’s spelling.""],""status"":""valid_alternative"",""example"":{""base"":""view"",""word"":""preview"",""prefix"":""pre"",""meaning"":""view before""},""meaning"":""before"",""outcome"":null,""reviewedSource"":""dynamic-prefix-pedagogy-v1""},{""text"":""un"",""label"":""un-"",""rules"":[""Add un- to the beginning of a base word. Keep every letter in un- and in the base word.""],""status"":""valid_alternative"",""example"":{""base"":""happy"",""word"":""unhappy"",""prefix"":""un"",""meaning"":""not happy""},""meaning"":""not, the opposite of, or reverse"",""outcome"":null,""reviewedSource"":""dynamic-prefix-pedagogy-v1""}],""intro_content"":{""title"":""Meet re- and pre-"",""paragraphs"":[""re- can mean again or back. pre- can mean before.""],""teachingCards"":[{""text"":""re"",""label"":""re-"",""rules"":[""Use re- at the beginning when the new word means again or back. Keep the base word’s spelling.""],""example"":{""base"":""build"",""word"":""rebuild"",""prefix"":""re"",""meaning"":""build again""},""meaning"":""again or back""},{""text"":""pre"",""label"":""pre-"",""rules"":[""Use pre- at the beginning when the new word means before. Keep the base word’s spelling.""],""example"":{""base"":""view"",""word"":""preview"",""prefix"":""pre"",""meaning"":""view before""},""meaning"":""before""}],""coverClosePolicy"":{""kind"":""track_ratio"",""threshold"":0.8},""meaningCheckKind"":""meaning"",""validChoiceAudit"":[{""word"":""predict"",""choiceVerdicts"":{""re"":false,""un"":false,""pre"":true}},{""word"":""preheat"",""choiceVerdicts"":{""re"":false,""un"":false,""pre"":true}},{""word"":""preschool"",""choiceVerdicts"":{""re"":false,""un"":false,""pre"":true}},{""word"":""preview"",""choiceVerdicts"":{""re"":false,""un"":false,""pre"":true}},{""word"":""rebuild"",""choiceVerdicts"":{""re"":true,""un"":false,""pre"":false}},{""word"":""replay"",""choiceVerdicts"":{""re"":true,""un"":false,""pre"":false}},{""word"":""return"",""choiceVerdicts"":{""re"":true,""un"":false,""pre"":false}}],""presentationPolicyVersion"":""dynamic_prefix_pedagogy_v1"",""meaningResultsPresentation"":""none""},""reflection_prompt_key"":""dynamic-prefix-d4_mor_prefixes_re_pre"",""reflection_prompt_text"":""When did the prefix mean ‘again/back’, and when did it mean ‘before’?""}",authoring-draft:renew:2026-10-08,2026-10-08,draft_requires_human_review,not_approved,false,en-GB,renew,candidate_word_specific_teaching_only,"Recognise re- meaning again or back, preserve the base new, and spell renew accurately in context.","To make something new again, begin it again, or extend it for another period.",The prefix re- goes at the front of new. The letters n-e-w stay together: re + new makes renew. Renewing a library book means keeping it for another period.,"For this word, add re- to the unchanged base new. re- often means again or back. Do not assume every word beginning with the letters re has this prefix.",transparent_prefix_plus_base,re + new → renew,"[{""text"":""re"",""partType"":""prefix"",""meaning"":""again""},{""text"":""new"",""partType"":""free_base"",""meaning"":""new""}]","Write the prefix r-e.
Keep n-e-w unchanged, including its final w.
The whole word has five letters: r-e-n-e-w.","{""boundaryCaution"":""The entire word can have an extended meaning in context, such as extending a library loan.""}",Think: re (again) + new. Picture a library book getting a new loan period.,"Writing renue or renoo because new sounds like /nyoo/.
Confusing re- (again) with pre- (before).
Expecting the entire meaning of every re- word to be simply “again”.","[{""word"":""rebuild"",""analysis"":""re + build"",""purpose"":""prefix_model"",""meaning"":""build again"",""canonicalMappingStatus"":""unverified_example_only""},{""word"":""replay"",""analysis"":""re + play"",""purpose"":""transfer_candidate"",""meaning"":""play again"",""canonicalMappingStatus"":""unverified_example_only""},{""word"":""preview"",""analysis"":""pre + view"",""purpose"":""contrast_candidate"",""meaning"":""look at before"",""canonicalMappingStatus"":""unverified_example_only""},{""word"":""preheat"",""analysis"":""pre + heat"",""purpose"":""contrast_candidate"",""meaning"":""heat before use"",""canonicalMappingStatus"":""unverified_example_only""}]",first_exposure,notice_and_say,Look at new and renew. What has been put at the front? What stays the same?,re- has been added; new stays n-e-w.,Show re | new and point to the unchanged base.,model,build_word,Build a word meaning “give another loan period” with re and new. Say what each part contributes.,re + new → renew; re suggests again and new is unchanged.,Read the finished word aloud and discuss its meaning in a library.,guided,choose_meaning_prefix,Which prefix means before in preview? Which means again in replay?,pre- means before; re- means again.,Return to renew and ask why re- fits.,guided,spelling_retrieval,"Hide renew. Write it from the two parts re + new, then underline new.","renew, with new underlined.","If the ending is wrong, uncover the base new and compare letter by letter.",independent,context_fill,Complete: “Please _____ my library book for another week.” Spell the missing word.,renew,Check both the meaning and r-e-n-e-w.,transfer,explain_new_word,What does replay mean? Break it into the two meaning parts.,re + play: play again.,"This is an example candidate, not an assertion of an existing child mapping.",Please renew the library book before Friday.,renew,false,We need to renew the membership for another year.,renew,false,I must renue the book.,I must renew the book.,"The base is new, spelled n-e-w.",Please pre-new the loan.,Please renew the loan.,"The intended meaning is extend again, so re- is the appropriate prefix.","Without the model, spell renew, then show the prefix and base.",Explain the meaning difference between replay and preview.,Find and correct renue in a short invented sentence; explain how new helps.,none; do not create or change a child review schedule,"Spell renew accurately from dictation.
Identify re- and unchanged new.
Use renew meaningfully in a new sentence without prompting.",Meaning of renew is not always reducible to a literal “make new”; teach the context shown.,,"{""contentOrigin"":""newly_authored_ai_assisted_draft"",""sourceLicenceNote"":""Original pedagogical wording; external links are factual references, not copied lessons."",""externalFactualReferences"":[""https://dictionary.cambridge.org/dictionary/english/renew""],""humanReviewer"":null,""humanApprovalAt"":null,""realChildSessionEvidence"":null,""approvedCanonicalSupportMappings"":null}",first_exposure,notice_and_say,Look at new and renew. What has been put at the front? What stays the same?,re- has been added; new stays n-e-w.,Show re | new and point to the unchanged base.,model,build_word,Build a word meaning “give another loan period” with re and new. Say what each part contributes.,re + new → renew; re suggests again and new is unchanged.,Read the finished word aloud and discuss its meaning in a library.,guided,choose_meaning_prefix,Which prefix means before in preview? Which means again in replay?,pre- means before; re- means again.,Return to renew and ask why re- fits.,guided,spelling_retrieval,"Hide renew. Write it from the two parts re + new, then underline new.","renew, with new underlined.","If the ending is wrong, uncover the base new and compare letter by letter.",independent,context_fill,Complete: “Please _____ my library book for another week.” Spell the missing word.,renew,Check both the meaning and r-e-n-e-w.,transfer,explain_new_word,What does replay mean? Break it into the two meaning parts.,re + play: play again.,"This is an example candidate, not an assertion of an existing child mapping.",Please renew the library book before Friday.,renew,false,We need to renew the membership for another year.,renew,false,I must renue the book.,I must renew the book.,"The base is new, spelled n-e-w.",Please pre-new the loan.,Please renew the loan.,"The intended meaning is extend again, so re- is the appropriate prefix."
prefix-lessons.json,dynamic_prefix_word_lab,v2,D4_MOR_PREFIXES_UN,unlocked,unknown,Route-specific teaching content has not been certified for this word and child.,4b5dd572-2473-51cd-8d51-756728ac72d9,human_reviewed_v1,424dd982-8454-44a8-8f35-670fb8f343cd,d7a69aa4d0d8c00c15706742f949334b821aaf4a1aeb380e43944c6fc3544189,,,"{""prefix_label"":""un-"",""prefix_text"":""un"",""prefix_meaning"":""not or reverse"",""meaning_bins"":[{""id"":""not"",""label"":""NOT"",""prefixText"":""un"",""description"":""not""},{""id"":""reverse"",""label"":""REVERSE"",""prefixText"":""un"",""description"":""reverse""}],""prefix_choices"":[{""text"":""un"",""label"":""un-"",""rules"":[""Add un- to the beginning of a base word. Keep every letter in un- and in the base word.""],""status"":""target"",""example"":{""base"":""happy"",""word"":""unhappy"",""prefix"":""un"",""meaning"":""not happy""},""meaning"":""not, the opposite of, or reverse"",""outcome"":null,""reviewedSource"":""dynamic-prefix-pedagogy-v1""},{""text"":""dis"",""label"":""dis-"",""rules"":[""Add dis- to the beginning of a base word. Keep every letter in dis- and in the base word.""],""status"":""valid_alternative"",""example"":{""base"":""agree"",""word"":""disagree"",""prefix"":""dis"",""meaning"":""not having the same opinion""},""meaning"":""not or the opposite"",""outcome"":null,""reviewedSource"":""dynamic-prefix-pedagogy-v1""},{""text"":""mis"",""label"":""mis-"",""rules"":[""Add mis- to the beginning when something is done wrongly or badly. Keep the base word’s spelling.""],""status"":""valid_alternative"",""example"":{""base"":""spell"",""word"":""misspell"",""prefix"":""mis"",""meaning"":""spell wrongly""},""meaning"":""wrongly or badly"",""outcome"":null,""reviewedSource"":""dynamic-prefix-pedagogy-v1""}],""intro_content"":{""title"":""Meet un-"",""paragraphs"":[""un- can make a word mean not, the opposite of, or reverse an action.""],""teachingCards"":[{""text"":""un"",""label"":""un-"",""rules"":[""Add un- to the beginning of a base word. Keep every letter in un- and in the base word.""],""example"":{""base"":""happy"",""word"":""unhappy"",""prefix"":""un"",""meaning"":""not happy""},""meaning"":""not, the opposite of, or reverse""}],""coverClosePolicy"":{""kind"":""track_ratio"",""threshold"":0.8},""meaningCheckKind"":""meaning"",""validChoiceAudit"":[{""word"":""unhappy"",""choiceVerdicts"":{""un"":true,""dis"":false,""mis"":false}},{""word"":""unfair"",""choiceVerdicts"":{""un"":true,""dis"":false,""mis"":false}},{""word"":""unkind"",""choiceVerdicts"":{""un"":true,""dis"":false,""mis"":false}},{""word"":""unlock"",""choiceVerdicts"":{""un"":true,""dis"":false,""mis"":false}},{""word"":""untidy"",""choiceVerdicts"":{""un"":true,""dis"":false,""mis"":false}},{""word"":""unnatural"",""choiceVerdicts"":{""un"":true,""dis"":false,""mis"":false}},{""word"":""unnecessary"",""choiceVerdicts"":{""un"":true,""dis"":false,""mis"":false}}],""presentationPolicyVersion"":""dynamic_prefix_pedagogy_v1"",""meaningResultsPresentation"":""none""},""reflection_prompt_key"":""dynamic-prefix-un-observation-v2"",""reflection_prompt_text"":""What did you notice about what un- does in these words?""}",authoring-draft:unlocked:2026-10-08,2026-10-08,draft_requires_human_review,not_approved,false,en-GB,unlocked,candidate_word_specific_teaching_only,Spell unlocked as un + lock + ed and explain how context can signal an action or a state.,"Either not locked, or having undone a lock earlier.",Start with lock. Put un- at the front to mean undo the locking. Add -ed to show what happened: un + lock + ed = unlocked. The same word can also describe a door that is not locked.,"For this word, un- may mean reverse an action or not; the final -ed is also present. Keep l-o-c-k complete when adding the parts.",prefix_plus_free_base_plus_suffix,un + lock + ed → unlocked,"[{""text"":""un"",""partType"":""prefix"",""meaning"":""reverse, or not in some contexts""},{""text"":""lock"",""partType"":""free_base"",""meaning"":""secure with a lock""},{""text"":""ed"",""partType"":""suffix"",""meaning"":""past action or a resulting state""}]","Write u-n at the front.
Keep l-o-c-k intact.
Finish with e-d; do not spell the past ending as t.","{""alternativeContextualGrouping"":[""unlock + ed (action: reversed locking)"",""un + locked (state: not locked)""]}","Un + lock + ed: undo the lock, and it happened already. Check the middle l-o-c-k.","Leaving out the c or k in lock.
Writing unlockt because the ending can sound like /t/.
Forcing only the “not” meaning when the sentence describes an action.
Forgetting that -ed must be accounted for alongside un-.","[{""word"":""unlock"",""analysis"":""un + lock"",""purpose"":""model"",""meaning"":""reverse locking"",""canonicalMappingStatus"":""unverified_example_only""},{""word"":""unwrap"",""analysis"":""un + wrap"",""purpose"":""transfer_candidate"",""meaning"":""reverse wrapping"",""canonicalMappingStatus"":""unverified_example_only""},{""word"":""unfair"",""analysis"":""un + fair"",""purpose"":""contrast_candidate"",""meaning"":""not fair"",""canonicalMappingStatus"":""unverified_example_only""},{""word"":""unhappy"",""analysis"":""un + happy"",""purpose"":""contrast_candidate"",""meaning"":""not happy"",""canonicalMappingStatus"":""unverified_example_only""}]",first_exposure,meaning_in_context,Compare “She unlocked the gate” and “The gate was unlocked”. Does the word describe an action or a state?,"In the first, she did the action; in the second, the gate was not locked.",Both meanings are legitimate; use the sentence to decide.,model,three_part_word_sum,"Make unlocked from un, lock and ed. Which part means reverse?",un + lock + ed → unlocked; un- gives the reversal meaning.,Write the three chunks without dropping letters.,guided,spot_the_base,Point to the four-letter base inside unlocked and spell it.,"lock, l-o-c-k.",Retain c before k.,guided,meaning_sort,"Does un- mean reverse in unwrap, or not in unfair?",unwrap: reverse an action; unfair: not fair.,Neither example proves that all un- words mean the same thing.,independent,cover_write_check,"Hide the model, spell unlocked, then mark un | lock | ed.",unlocked = un | lock | ed.,Check eight letters and an e-d ending.,transfer,sentence_application,Write a sentence containing unlocked that clearly shows someone did the action.,Example: “The caretaker unlocked the door.”,"Assess the meaning and spelling, not the exact invented sentence.",The teacher unlocked the cupboard carefully.,unlocked,false,The gate was unlocked before the visitors arrived.,unlocked,false,She unlockt the door.,She unlocked the door.,The written ending is -ed.,The door was unlokced.,The door was unlocked.,Keep lock in its correct letter order.,Write unlocked from memory and explain each of its three parts.,"Compare unlocked with unwrapped and unhappy: when does un- reverse, and when does it mean not?",Find unlockt; show why -ed is still written.,none; do not create or change a child review schedule,"Spell unlocked accurately without a model.
Identify un, lock and ed.
Explain at least one contextual meaning accurately.","The row belongs to a prefix route, but the target also has -ed: teach the additional suffix rather than pretending it is absent.",,"{""contentOrigin"":""newly_authored_ai_assisted_draft"",""sourceLicenceNote"":""Original pedagogical wording; external links are factual references, not copied lessons."",""externalFactualReferences"":[],""humanReviewer"":null,""humanApprovalAt"":null,""realChildSessionEvidence"":null,""approvedCanonicalSupportMappings"":null}",first_exposure,meaning_in_context,Compare “She unlocked the gate” and “The gate was unlocked”. Does the word describe an action or a state?,"In the first, she did the action; in the second, the gate was not locked.",Both meanings are legitimate; use the sentence to decide.,model,three_part_word_sum,"Make unlocked from un, lock and ed. Which part means reverse?",un + lock + ed → unlocked; un- gives the reversal meaning.,Write the three chunks without dropping letters.,guided,spot_the_base,Point to the four-letter base inside unlocked and spell it.,"lock, l-o-c-k.",Retain c before k.,guided,meaning_sort,"Does un- mean reverse in unwrap, or not in unfair?",unwrap: reverse an action; unfair: not fair.,Neither example proves that all un- words mean the same thing.,independent,cover_write_check,"Hide the model, spell unlocked, then mark un | lock | ed.",unlocked = un | lock | ed.,Check eight letters and an e-d ending.,transfer,sentence_application,Write a sentence containing unlocked that clearly shows someone did the action.,Example: “The caretaker unlocked the door.”,"Assess the meaning and spelling, not the exact invented sentence.",The teacher unlocked the cupboard carefully.,unlocked,false,The gate was unlocked before the visitors arrived.,unlocked,false,She unlockt the door.,She unlocked the door.,The written ending is -ed.,The door was unlokced.,The door was unlocked.,Keep lock in its correct letter order.
suffix-lessons.json,dynamic_affix_word_lab,v3,D4_MOR_SUFFIXES_ABLE_IBLE,responsible,unknown,Route-specific teaching content has not been certified for this word and child.,364e6e0e-8494-5e13-b1f0-34483690b5b4,human_reviewed_v1,814b1acc-281e-41d2-ad30-f24f94e3ad4e,6f5361d811d019797ee2cbe8446cc5df7ab5a2315429fd4a62aa88ff46895145,,,"{""suffix_label"":""-able and -ible"",""suffix_text"":""able/ible"",""suffix_meaning"":""can be"",""meaning_bins"":[{""id"":""can_be"",""label"":""CAN BE"",""description"":""can be""}],""suffix_choices"":[{""text"":""able"",""label"":""-able"",""status"":""target"",""meaning"":""can be"",""outcome"":null},{""text"":""ible"",""label"":""-ible"",""status"":""target"",""meaning"":""can be"",""outcome"":null},{""text"":""abel"",""label"":""-abel"",""status"":""unsupported"",""meaning"":null,""outcome"":null},{""text"":""ibel"",""label"":""-ibel"",""status"":""unsupported"",""meaning"":null,""outcome"":null}],""intro_content"":{""title"":""What are -able and -ible?"",""examples"":[{""base"":""wash"",""word"":""washable"",""affix"":""able"",""meaning"":""can be washed""},{""base"":""sens"",""word"":""sensible"",""affix"":""ible"",""meaning"":""able to be sensed or understood""}],""paragraphs"":[""These suffixes sound alike, so look carefully at the part before the suffix.""],""spellingRules"":[""Use -able when the root word is a complete, recognisable standalone word: wash → washable."",""Use -ible when the base is not a full standalone word: sens- → sensible."",""This is a helpful spelling test for these words.""]},""include_meaning_sort"":false,""reflection_prompt_key"":""able-ible-base-test-v1"",""reflection_prompt_text"":""How did the complete-word or bound-root test help you choose -able or -ible?""}",authoring-draft:responsible:2026-10-08,2026-10-08,draft_requires_human_review,not_approved,false,en-GB,responsible,candidate_word_specific_teaching_only,"Recognise the correct -ible ending in responsible, link it to response, and spell the full word accurately.","Trusted to do what is expected, or having a duty to take care of something.","Responsible means someone can be trusted to look after a task or take care of a duty. It ends in -ible, not -able. Response and responsible share the starting letters r-e-s-p-o-n-s.","The suffixes -able and -ible can sound alike. The standalone-word test is only a clue, not a guaranteed rule. Learn responsible as an -ible word; respons- is a useful spelling stem, not a standalone English word.",bound_stem_and_suffix_spelling_analysis,"respons + ible → responsible (teaching spelling split, not a free-base formation claim)","[{""text"":""respons"",""partType"":""non_standalone_spelling_stem"",""meaning"":""related to responding or being answerable""},{""text"":""ible"",""partType"":""suffix"",""meaning"":""a quality or capability; here part of an adjective""}]","Start with r-e-s-p-o-n-s.
Finish i-b-l-e, not a-b-l-e.
The spelling stem respons is not an independent English word.","{""relatedWordClue"":{""word"":""response"",""sharedLetters"":""respons"",""note"":""response and responsible share the letters r-e-s-p-o-n-s; the endings differ""}}",Response helps with respons-. Then remember i-b-l-e at the end: respons | ible.,"Writing responsable because both suffix endings sound alike.
Applying the complete-standalone-base test as a rule with no exceptions.
Thinking respons is an English word that can stand alone.
Confusing the meaning of responsible with simply “able to respond”.","[{""word"":""response"",""analysis"":""shared spelling respons"",""purpose"":""related_word_clue"",""meaning"":""an answer or reply"",""canonicalMappingStatus"":""unverified_example_only""},{""word"":""possible"",""analysis"":""poss + ible (spelling cue)"",""purpose"":""suffix_transfer_candidate"",""meaning"":""able to happen"",""canonicalMappingStatus"":""unverified_example_only""},{""word"":""visible"",""analysis"":""vis + ible (spelling cue)"",""purpose"":""suffix_transfer_candidate"",""meaning"":""able to be seen"",""canonicalMappingStatus"":""unverified_example_only""},{""word"":""washable"",""analysis"":""wash + able"",""purpose"":""suffix_contrast_candidate"",""meaning"":""can be washed"",""canonicalMappingStatus"":""unverified_example_only""},{""word"":""readable"",""analysis"":""read + able"",""purpose"":""suffix_contrast_candidate"",""meaning"":""can be read"",""canonicalMappingStatus"":""unverified_example_only""}]",first_exposure,meaning_discussion,What might a responsible class helper do? Give an example that shows the meaning.,Example: keep track of equipment and put it away safely.,Accept a sensible example of duty or reliability.,model,related_word_noticing,Look at response and responsible. Which letters at the start are the same?,r-e-s-p-o-n-s.,Box the shared sequence; do not tell the child respons is a standalone word.,guided,ending_choice,Complete respons___: do you need -able or -ible?,-ible; responsible.,"Say that this is a learned word-specific choice, not a certain rule for all words.",guided,suffix_sort,"Sort washable, visible, readable, possible and responsible by -able or -ible.","-able: washable, readable. -ible: visible, possible, responsible.","Compare written suffixes, not just their sound.",independent,cover_write_check,Cover the word. Write responsible from memory; underline the final four letters.,"responsible, with ible underlined.",Check the beginning respons and the i in -ible.,transfer,write_for_meaning,Write a new sentence with responsible about looking after a task.,Example: “The responsible helper checked the materials.”,Assess correct spelling and a meaningful duty/reliability use.,The responsible helper put the books away safely.,responsible,false,We must be responsible when caring for the classroom plants.,responsible,false,The responsable helper checked the list.,The responsible helper checked the list.,"This adjective takes -ible, not -able.",She is responsable for the equipment.,She is responsible for the equipment.,Recall the shared respons- stem plus -ible.,"Spell responsible from memory, then spell response and mark the shared sequence.",Identify the endings in possible and washable without claiming a universal rule.,"Find responsable, correct it and explain the choice of -ible.",none; do not create or change a child review schedule,"Spell responsible accurately, especially -ible.
Recognise the common letter sequence in response.
Use responsible to describe a person or duty correctly.","Existing intro states “use -ible when the base is not a full standalone word”; clarify to “often”, and note exceptions before approving this word-specific draft.
The spelling-split respons | ible is instructional; do not present it as a freely productive English word sum.",source_intro_rule_requires_qualification_as_heuristic,"{""contentOrigin"":""newly_authored_ai_assisted_draft"",""sourceLicenceNote"":""Original pedagogical wording; external links are factual references, not copied lessons."",""externalFactualReferences"":[""https://www.thenational.academy/teachers/programmes/english-primary-ks2/units/letter-strings-etymology-and-curriculum-words/lessons/spelling-words-with-the-ible-suffix"",""https://www.oxfordlearnersdictionaries.com/definition/english/ible""],""humanReviewer"":null,""humanApprovalAt"":null,""realChildSessionEvidence"":null,""approvedCanonicalSupportMappings"":null}",first_exposure,meaning_discussion,What might a responsible class helper do? Give an example that shows the meaning.,Example: keep track of equipment and put it away safely.,Accept a sensible example of duty or reliability.,model,related_word_noticing,Look at response and responsible. Which letters at the start are the same?,r-e-s-p-o-n-s.,Box the shared sequence; do not tell the child respons is a standalone word.,guided,ending_choice,Complete respons___: do you need -able or -ible?,-ible; responsible.,"Say that this is a learned word-specific choice, not a certain rule for all words.",guided,suffix_sort,"Sort washable, visible, readable, possible and responsible by -able or -ible.","-able: washable, readable. -ible: visible, possible, responsible.","Compare written suffixes, not just their sound.",independent,cover_write_check,Cover the word. Write responsible from memory; underline the final four letters.,"responsible, with ible underlined.",Check the beginning respons and the i in -ible.,transfer,write_for_meaning,Write a new sentence with responsible about looking after a task.,Example: “The responsible helper checked the materials.”,Assess correct spelling and a meaningful duty/reliability use.,The responsible helper put the books away safely.,responsible,false,We must be responsible when caring for the classroom plants.,responsible,false,The responsable helper checked the list.,The responsible helper checked the list.,"This adjective takes -ible, not -able.",She is responsable for the equipment.,She is responsible for the equipment.,Recall the shared respons- stem plus -ible.
base-word-lessons.json,base_word_lab,v2,D4_MOR_BASE_WORDS_BASE_PLUS_PREFIX,ingredients,unknown,Route-specific teaching content has not been certified for this word and child.,8eec5ab1-670d-5d95-bcb2-30568f28235c,human_reviewed_v1,,2544acd530285313599d072d70fd3f6ff4d7fa4a63b9bee228c52d62f5323780,e80d7c09-256a-4c72-ba85-23615e360f8c,bac700cc7f2712d23f5e1de432e2d3ee94dec15b9567e84e8b0f194a153f8bf9,"{""content"":{""memoryTip"":"""",""contentVersion"":""human_reviewed_v1"",""ruleExplanation"":""A prefix is added before a base word; the base spelling should usually stay the same."",""contentVersionId"":""8eec5ab1-670d-5d95-bcb2-30568f28235c"",""teachingObjective"":""Child can use meaning parts to spell base words with prefixes."",""commonMisconceptions"":""Child may spell the whole word by sound, lose the base word, change an affix unnecessarily, or miss a stable root/meaning chunk."",""contrastPolicyGuidance"":""Contrast related morphemes only after the target part is secure. Avoid teaching several prefixes, suffixes, or roots together unless the comparison is the lesson target."",""childFriendlyExplanation"":""Big words are easier when you find the smaller meaning parts: base words, prefixes, suffixes, compounds, roots, or related words."",""exampleSelectionGuidance"":""Start with familiar words where the meaning part is visible; avoid opaque word histories and multiple new morphemes in one item."",""firstExposureProgression"":[""Introduce the meaning part; identify it in a clear model word; mark the boundary; explain what the part means or does; then spell from parts.""],""guidedPracticeProgression"":[""Use words where the target base, affix, root, compound part, or related-word cue for base words with prefixes is clear. Prompt the child to find the meaning part first, then spell and join the parts.""],""reviewProofreadingProgression"":[""Review: Use mixed morphology retrieval and ask the child to explain the base, prefix, suffix, compound, root, or related word that supports the spelling. Proofreading: In proofreading, ask the child to box the meaning parts and check that the base/root spelling has been preserved where the rule says it should.""]},""approvalRefs"":[""human-review:katie-sanderson:2026-08-11"",""source-workbook-sha256:2af66d22ee827b9e8487475542037b43acbd8fb9468a4abc26d9b833d5f4e69a""],""authorityKey"":""base_word_teaching_content:d4_mor_base_words_base_plus_prefix:human_reviewed_v1_2026_08_11"",""microSkillKey"":""D4_MOR_BASE_WORDS_BASE_PLUS_PREFIX"",""schemaVersion"":1}",authoring-draft:ingredients:2026-10-08,2026-10-08,draft_requires_human_review,not_approved,false,en-GB,ingredients,candidate_word_specific_teaching_only,"Spell ingredients by preserving ingredient and adding plural -s, while explicitly deferring the current prefix-route mismatch.","The different foods or substances used to make a dish, mixture or product.","An ingredient is one part of a recipe. When there is more than one, write ingredients. Keep the whole word ingredient and add s.",The visible modern English spelling change is ingredient + s → ingredients. There is no ordinary free-standing base word after in- here. Do not teach this as a transparent base-plus-prefix word.,base_noun_plus_plural_suffix_not_current_route,ingredient + s → ingredients,"[{""text"":""ingredient"",""partType"":""free_base_noun"",""meaning"":""one part of a recipe or mixture""},{""text"":""s"",""partType"":""plural_suffix"",""meaning"":""more than one""}]","Keep the spelling of ingredient unchanged.
Notice the middle pattern g-r-e-d-i-e-n.
Add s for the plural.","{""syllableChunkHint"":[""in"",""gre"",""di"",""ents""],""routeCompatibility"":""BLOCKED: current D4_MOR_BASE_WORDS_BASE_PLUS_PREFIX does not transparently model this word"",""historicalEtymologyCaution"":""The historical Latin in- element does not justify teaching in- + a present-day English free base in this route.""}","One ingredient; two ingredients. Write all of ingredient, then add s.","Trying to split ingredients as modern English in- + gredients.
Writing ingrediants rather than ingredients.
Losing the final t before the plural s.
Assuming the historical etymology guarantees an accessible free base for a child.","[{""word"":""ingredient"",""analysis"":""whole singular noun"",""purpose"":""base_model"",""meaning"":""one item in a recipe"",""canonicalMappingStatus"":""unverified_example_only""},{""word"":""ingredients"",""analysis"":""ingredient + s"",""purpose"":""plural_model"",""meaning"":""more than one ingredient"",""canonicalMappingStatus"":""unverified_example_only""},{""word"":""recipe"",""analysis"":""whole word; not a mapped morphological family member"",""purpose"":""meaning_context_only"",""meaning"":""instructions for making food"",""canonicalMappingStatus"":""unverified_example_only""}]",first_exposure,use_meaning,"In a recipe, is flour one ingredient or all the ingredients?",Flour is one ingredient; a recipe may contain several ingredients.,Clarify singular versus plural before spelling.,model,visible_word_sum,Make the plural of ingredient. Which letter do you add?,ingredient + s → ingredients.,Do not invent a modern prefix and free base for this target.,guided,compare_spellings,Compare ingredient and ingredients. Which letters are kept? Which is new?,The whole singular form stays; only s is added.,Check the final t before s.,guided,letter_string_memory,"Write the middle letters g-r-e-d-i-e-n from ingredient, then check them.",g-r-e-d-i-e-n.,Read the full word rather than treating the chunk as a word itself.,independent,cover_write_check,"Cover ingredients, spell it, and circle the plural s.","ingredients, with final s circled.",Compare to ingredient if the middle spelling is incorrect.,transfer,meaning_sentence,Write a sentence naming two ingredients in a recipe.,Example: “The ingredients include oats and fruit.”,Assess correct meaning and plural spelling; do not claim a child event.,Check the ingredients before you begin the recipe.,ingredients,false,The baker measured the ingredients carefully.,ingredients,false,The ingrediants are on the table.,The ingredients are on the table.,"The written word is ingredient, not ingrediant.",The ingrediens are ready.,The ingredients are ready.,Keep the t in ingredient before adding s.,"Write ingredient, then spell its plural ingredients and show the extra s.","Try another clear noun + s plural in isolation, without changing the target micro-skill.",Find and repair ingrediants and ingrediens.,none; do not create or change a child review schedule,"Spell ingredients accurately in a sentence.
Distinguish ingredient from ingredients.
Do not attribute the spelling to an invented present-day English base after in-.","Human curriculum/mapping review required before use; the original microSkillKey is deliberately unchanged.
These word-level examples are for an alternative suffix/plural analysis and are not approval to re-route or assign.","blocking_morphology_route_mismatch
requires_governed_micro_skill_mapping_review","{""contentOrigin"":""newly_authored_ai_assisted_draft"",""sourceLicenceNote"":""Original pedagogical wording; external links are factual references, not copied lessons."",""externalFactualReferences"":[""https://dictionary.cambridge.org/dictionary/english/ingredient"",""https://www.etymonline.com/word/ingredient""],""humanReviewer"":null,""humanApprovalAt"":null,""realChildSessionEvidence"":null,""approvedCanonicalSupportMappings"":null}",first_exposure,use_meaning,"In a recipe, is flour one ingredient or all the ingredients?",Flour is one ingredient; a recipe may contain several ingredients.,Clarify singular versus plural before spelling.,model,visible_word_sum,Make the plural of ingredient. Which letter do you add?,ingredient + s → ingredients.,Do not invent a modern prefix and free base for this target.,guided,compare_spellings,Compare ingredient and ingredients. Which letters are kept? Which is new?,The whole singular form stays; only s is added.,Check the final t before s.,guided,letter_string_memory,"Write the middle letters g-r-e-d-i-e-n from ingredient, then check them.",g-r-e-d-i-e-n.,Read the full word rather than treating the chunk as a word itself.,independent,cover_write_check,"Cover ingredients, spell it, and circle the plural s.","ingredients, with final s circled.",Compare to ingredient if the middle spelling is incorrect.,transfer,meaning_sentence,Write a sentence naming two ingredients in a recipe.,Example: “The ingredients include oats and fruit.”,Assess correct meaning and plural spelling; do not claim a child event.,Check the ingredients before you begin the recipe.,ingredients,false,The baker measured the ingredients carefully.,ingredients,false,The ingrediants are on the table.,The ingredients are on the table.,"The written word is ingredient, not ingrediant.",The ingrediens are ready.,The ingredients are ready.,Keep the t in ingredient before adding s.
base-word-lessons.json,base_word_lab,v2,D4_MOR_BASE_WORDS_BASE_PLUS_SUFFIX,scrolling,unknown,Route-specific teaching content has not been certified for this word and child.,1c55dea9-7c98-5b03-bd6c-834ab4092113,human_reviewed_v1,,5d2e882c21ae993ba152eace405626d02de08ef4ac1f8826192d480831dc79e5,abd37a0f-d240-4ab1-8b36-744d5626c9da,9eab8d06516d52cb0596d9394a3279b2049c04a30461bbcb38d36ded6c22650f,"{""content"":{""memoryTip"":"""",""contentVersion"":""human_reviewed_v1"",""ruleExplanation"":""A suffix is added after a base word; children should identify the base before spelling the longer word."",""contentVersionId"":""1c55dea9-7c98-5b03-bd6c-834ab4092113"",""teachingObjective"":""Child can use meaning parts to spell base words with suffixes."",""commonMisconceptions"":""Child may spell the whole word by sound, lose the base word, change an affix unnecessarily, or miss a stable root/meaning chunk."",""contrastPolicyGuidance"":""Contrast related morphemes only after the target part is secure. Avoid teaching several prefixes, suffixes, or roots together unless the comparison is the lesson target."",""childFriendlyExplanation"":""Big words are easier when you find the smaller meaning parts: base words, prefixes, suffixes, compounds, roots, or related words."",""exampleSelectionGuidance"":""Start with familiar words where the meaning part is visible; avoid opaque word histories and multiple new morphemes in one item."",""firstExposureProgression"":[""Introduce the meaning part; identify it in a clear model word; mark the boundary; explain what the part means or does; then spell from parts.""],""guidedPracticeProgression"":[""Use words where the target base, affix, root, compound part, or related-word cue for base words with suffixes is clear. Prompt the child to find the meaning part first, then spell and join the parts.""],""reviewProofreadingProgression"":[""Review: Use mixed morphology retrieval and ask the child to explain the base, prefix, suffix, compound, root, or related word that supports the spelling. Proofreading: In proofreading, ask the child to box the meaning parts and check that the base/root spelling has been preserved where the rule says it should.""]},""approvalRefs"":[""human-review:katie-sanderson:2026-08-11"",""source-workbook-sha256:2af66d22ee827b9e8487475542037b43acbd8fb9468a4abc26d9b833d5f4e69a""],""authorityKey"":""base_word_teaching_content:d4_mor_base_words_base_plus_suffix:human_reviewed_v1_2026_08_11"",""microSkillKey"":""D4_MOR_BASE_WORDS_BASE_PLUS_SUFFIX"",""schemaVersion"":1}",authoring-draft:scrolling:2026-10-08,2026-10-08,draft_requires_human_review,not_approved,false,en-GB,scrolling,candidate_word_specific_teaching_only,"Identify scroll as the base, add -ing without losing either l, and spell scrolling accurately.","Moving text, a webpage or images up or down on a screen; continuing that action.",The word scroll already has two l letters. Add ing to describe the action as it is happening: scroll + ing = scrolling. Both l letters stay.,"For a base already ending in double l, keep both letters when adding -ing in scrolling. The suffix is i-n-g; no extra l is inserted.",transparent_base_plus_suffix,scroll + ing → scrolling,"[{""text"":""scroll"",""partType"":""free_base_verb"",""meaning"":""move through text or images""},{""text"":""ing"",""partType"":""suffix"",""meaning"":""ongoing action""}]","Spell the base s-c-r-o-l-l.
Keep both existing l letters.
Add exactly i-n-g. No third l is added.",{},Scroll already ends l-l. Keep l-l and add i-n-g.,"Writing scroling and leaving out an l.
Adding an unnecessary third l.
Treating the l-l as if it appears only when -ing is added.
Applying a different doubling rule to a base that already ends in ll.","[{""word"":""scroll"",""analysis"":""free base; ends in ll"",""purpose"":""base_model"",""meaning"":""move through on-screen text or images"",""canonicalMappingStatus"":""unverified_example_only""},{""word"":""rolling"",""analysis"":""roll + ing"",""purpose"":""same_pattern_candidate"",""meaning"":""moving by turning over"",""canonicalMappingStatus"":""unverified_example_only""},{""word"":""calling"",""analysis"":""call + ing"",""purpose"":""same_pattern_candidate"",""meaning"":""speaking to someone or ringing them"",""canonicalMappingStatus"":""unverified_example_only""},{""word"":""sailing"",""analysis"":""sail + ing"",""purpose"":""contrast_candidate"",""meaning"":""travelling by boat"",""canonicalMappingStatus"":""unverified_example_only""}]",first_exposure,find_the_base,Look at scrolling. Which shorter word describes the action? Spell it.,"scroll, s-c-r-o-l-l.",Circle the two l letters already in the base.,model,word_sum,Add -ing to scroll and write the word sum.,scroll + ing → scrolling.,Do not delete an l or add an extra one.,guided,compare_families,Compare scroll/scrolling and call/calling. What happens to the two l letters?,Both l letters stay in each longer word.,Point to each base before the suffix.,guided,spot_error,Which spelling is correct for the action: scroling or scrolling?,scrolling.,The original word scroll contains two l letters.,independent,cover_write_check,Cover the model and write scrolling. Then separate the base and suffix.,scroll | ing.,Check s-c-r-o-l-l-i-n-g and the suffix boundary.,transfer,sentence_application,Write a sentence using scrolling to describe looking through a page.,Example: “She was scrolling through the photos.”,Assess the spelling and natural meaning of the word.,She was scrolling through the photographs on the tablet.,scrolling,false,The instructions were scrolling up the screen.,scrolling,false,He was scroling down the page.,He was scrolling down the page.,Keep both l letters of scroll.,The words were scrollling past.,The words were scrolling past.,The base already has ll; do not add a third l.,"Spell scroll, then scrolling, and point to the unchanged base.",Spell calling and rolling; explain why their bases retain ll.,Find scroling and scrollling; correct them using scroll + ing.,none; do not create or change a child review schedule,"Spell scrolling without a model.
Show scroll + ing and retain both l letters.
Use scrolling accurately in a sentence.",Do not treat this example as a newly doubled final consonant before -ing: scroll already ends in ll.,,"{""contentOrigin"":""newly_authored_ai_assisted_draft"",""sourceLicenceNote"":""Original pedagogical wording; external links are factual references, not copied lessons."",""externalFactualReferences"":[],""humanReviewer"":null,""humanApprovalAt"":null,""realChildSessionEvidence"":null,""approvedCanonicalSupportMappings"":null}",first_exposure,find_the_base,Look at scrolling. Which shorter word describes the action? Spell it.,"scroll, s-c-r-o-l-l.",Circle the two l letters already in the base.,model,word_sum,Add -ing to scroll and write the word sum.,scroll + ing → scrolling.,Do not delete an l or add an extra one.,guided,compare_families,Compare scroll/scrolling and call/calling. What happens to the two l letters?,Both l letters stay in each longer word.,Point to each base before the suffix.,guided,spot_error,Which spelling is correct for the action: scroling or scrolling?,scrolling.,The original word scroll contains two l letters.,independent,cover_write_check,Cover the model and write scrolling. Then separate the base and suffix.,scroll | ing.,Check s-c-r-o-l-l-i-n-g and the suffix boundary.,transfer,sentence_application,Write a sentence using scrolling to describe looking through a page.,Example: “She was scrolling through the photos.”,Assess the spelling and natural meaning of the word.,She was scrolling through the photographs on the tablet.,scrolling,false,The instructions were scrolling up the screen.,scrolling,false,He was scroling down the page.,He was scrolling down the page.,Keep both l letters of scroll.,The words were scrollling past.,The words were scrolling past.,The base already has ll; do not add a third l.
