word_key,normalised_word,display_word,dialect_code,frequency_band,age_band,complexity_band,source_category,source_name,source_url,source_licence,source_use_note,confidence,review_status,row_status
everywhere_en_gb,everywhere,everywhere,en-GB,high,early_primary,medium,internal_authored,ADLE 2026-10-08 owner-approved dictionary intake,data/adle/review/dictionary/2026-10-08/adle-missing-dictionary-metadata-review.csv,internal/project-authored,Content owner approved import on 2026-10-08; British pronunciation was checked against Cambridge Dictionary. Editorial metadata and sentences are project-authored.,medium,approved_for_first_exposure,active
ingredient_en_gb,ingredient,ingredient,en-GB,medium,middle_primary,high,internal_authored,ADLE 2026-10-08 owner-approved dictionary intake,data/adle/review/dictionary/2026-10-08/adle-missing-dictionary-metadata-review.csv,internal/project-authored,Content owner approved import on 2026-10-08; British pronunciation was checked against Cambridge Dictionary. Editorial metadata and sentences are project-authored.,medium,approved_for_first_exposure,active
ingredients_en_gb,ingredients,ingredients,en-GB,medium,middle_primary,high,internal_authored,ADLE 2026-10-08 owner-approved dictionary intake,data/adle/review/dictionary/2026-10-08/adle-missing-dictionary-metadata-review.csv,internal/project-authored,Content owner approved import on 2026-10-08; British pronunciation was checked against Cambridge Dictionary. Editorial metadata and sentences are project-authored.,medium,approved_for_first_exposure,active
loads_en_gb,loads,loads,en-GB,medium,early_primary,medium,internal_authored,ADLE 2026-10-08 owner-approved dictionary intake,data/adle/review/dictionary/2026-10-08/adle-missing-dictionary-metadata-review.csv,internal/project-authored,Content owner approved import on 2026-10-08; British pronunciation was checked against Cambridge Dictionary. Editorial metadata and sentences are project-authored.,medium,approved_for_first_exposure,active
means_en_gb,means,means,en-GB,high,early_primary,medium,internal_authored,ADLE 2026-10-08 owner-approved dictionary intake,data/adle/review/dictionary/2026-10-08/adle-missing-dictionary-metadata-review.csv,internal/project-authored,Content owner approved import on 2026-10-08; British pronunciation was checked against Cambridge Dictionary. Editorial metadata and sentences are project-authored.,medium,approved_for_first_exposure,active
photographer_en_gb,photographer,photographer,en-GB,medium,middle_primary,high,internal_authored,ADLE 2026-10-08 owner-approved dictionary intake,data/adle/review/dictionary/2026-10-08/adle-missing-dictionary-metadata-review.csv,internal/project-authored,Content owner approved import on 2026-10-08; British pronunciation was checked against Cambridge Dictionary. Editorial metadata and sentences are project-authored.,medium,approved_for_first_exposure,active
renew_en_gb,renew,renew,en-GB,medium,middle_primary,medium,internal_authored,ADLE 2026-10-08 owner-approved dictionary intake,data/adle/review/dictionary/2026-10-08/adle-missing-dictionary-metadata-review.csv,internal/project-authored,Content owner approved import on 2026-10-08; British pronunciation was checked against Cambridge Dictionary. Editorial metadata and sentences are project-authored.,medium,approved_for_first_exposure,active
repeated_en_gb,repeated,repeated,en-GB,medium,middle_primary,medium,internal_authored,ADLE 2026-10-08 owner-approved dictionary intake,data/adle/review/dictionary/2026-10-08/adle-missing-dictionary-metadata-review.csv,internal/project-authored,Content owner approved import on 2026-10-08; British pronunciation was checked against Cambridge Dictionary. Editorial metadata and sentences are project-authored.,medium,approved_for_first_exposure,active
scrolling_en_gb,scrolling,scrolling,en-GB,medium,middle_primary,medium,internal_authored,ADLE 2026-10-08 owner-approved dictionary intake,data/adle/review/dictionary/2026-10-08/adle-missing-dictionary-metadata-review.csv,internal/project-authored,Content owner approved import on 2026-10-08; British pronunciation was checked against Cambridge Dictionary. Editorial metadata and sentences are project-authored.,medium,approved_for_first_exposure,active
unlocked_en_gb,unlocked,unlocked,en-GB,medium,middle_primary,high,internal_authored,ADLE 2026-10-08 owner-approved dictionary intake,data/adle/review/dictionary/2026-10-08/adle-missing-dictionary-metadata-review.csv,internal/project-authored,Content owner approved import on 2026-10-08; British pronunciation was checked against Cambridge Dictionary. Editorial metadata and sentences are project-authored.,medium,approved_for_first_exposure,active
varieties_en_gb,varieties,varieties,en-GB,medium,middle_primary,high,internal_authored,ADLE 2026-10-08 owner-approved dictionary intake,data/adle/review/dictionary/2026-10-08/adle-missing-dictionary-metadata-review.csv,internal/project-authored,Content owner approved import on 2026-10-08; British pronunciation was checked against Cambridge Dictionary. Editorial metadata and sentences are project-authored.,medium,approved_for_first_exposure,active
yoghurt_en_gb,yoghurt,yoghurt,en-GB,medium,early_primary,high,internal_authored,ADLE 2026-10-08 owner-approved dictionary intake,data/adle/review/dictionary/2026-10-08/adle-missing-dictionary-metadata-review.csv,internal/project-authored,Content owner approved import on 2026-10-08; British pronunciation was checked against Cambridge Dictionary. Editorial metadata and sentences are project-authored.,medium,approved_for_first_exposure,active
