word_key,display_word,micro_skill_key,base_family_key,member_role,transformation,child_friendly_meaning,meaning_provenance,source_row_sha256,generator_sha256,reviewed_by,reviewed_at
act_en_gb,act,D4_MOR_BASE_WORDS_IDENTIFY_BASE,act_base_family,base,,to do something,reviewed_source,e2628cc9ca6b3cee473e183466cfac2c6685deab50fff1557c28a42e9402533b,df5ff9cadf719593da9fb0c012c65f14d946faef472d59ace8fd6c59a8844600,Katie Sanderson,2026-07-24T15:53:22+01:00
action_en_gb,action,D4_MOR_BASE_WORDS_IDENTIFY_BASE,act_base_family,authentic_target,,something that is done,reviewed_override,eeb3b82e18d5f8a19450cf9623d155ed87fbe33a1ef8990048c7ba40f6a30c0f,df5ff9cadf719593da9fb0c012c65f14d946faef472d59ace8fd6c59a8844600,Katie Sanderson,2026-07-24T15:53:22+01:00
activity_en_gb,activity,D4_MOR_BASE_WORDS_IDENTIFY_BASE,act_base_family,authentic_target,,something you do,reviewed_source,1d00bcd1e7425bc7b02b6e084587e73c0848504472d7e4068ef3fcb4ec633249,df5ff9cadf719593da9fb0c012c65f14d946faef472d59ace8fd6c59a8844600,Katie Sanderson,2026-07-24T15:53:22+01:00
actor_en_gb,actor,D4_MOR_BASE_WORDS_IDENTIFY_BASE,act_base_family,transfer,,"a person who acts in a play, film, or show",reviewed_override,d008977a897444878fd5187d20bf707d6a41fb6bd5dd15ea000d5fea5e136ecd,df5ff9cadf719593da9fb0c012c65f14d946faef472d59ace8fd6c59a8844600,Katie Sanderson,2026-07-24T15:53:22+01:00
actual_en_gb,actual,D4_MOR_BASE_WORDS_IDENTIFY_BASE,act_base_family,transfer,,real; not imagined,reviewed_source,0cc4b4ebe384657eeaa1de53e0c496906695ee920e1ade186568533de934bace,df5ff9cadf719593da9fb0c012c65f14d946faef472d59ace8fd6c59a8844600,Katie Sanderson,2026-07-24T15:53:22+01:00
interact_en_gb,interact,D4_MOR_BASE_WORDS_IDENTIFY_BASE,act_base_family,transfer,,to act or communicate with each other,reviewed_override,ef646421693212be080d05a9d6aabac8abdae003838c3146062ccde5949fcf88,df5ff9cadf719593da9fb0c012c65f14d946faef472d59ace8fd6c59a8844600,Katie Sanderson,2026-07-24T15:53:22+01:00
angle_en_gb,angle,D4_MOR_BASE_WORDS_IDENTIFY_BASE,angle_base_family,base,,the space between two lines that meet,reviewed_source,6e23f29d23c5e9fbc9ee886166879502aa32b1724eab2a5fdf16990106acbbb5,df5ff9cadf719593da9fb0c012c65f14d946faef472d59ace8fd6c59a8844600,Katie Sanderson,2026-07-24T15:53:22+01:00
triangle_en_gb,triangle,D4_MOR_BASE_WORDS_IDENTIFY_BASE,angle_base_family,authentic_target,,a three-sided shape,reviewed_override,ccf4bfa47cd7362685460bfd7f896ec4d62f5883ca34e300d3fac16d9559fb79,df5ff9cadf719593da9fb0c012c65f14d946faef472d59ace8fd6c59a8844600,Katie Sanderson,2026-07-24T15:53:22+01:00
babies_en_gb,babies,D4_MOR_BASE_WORDS_IDENTIFY_BASE,baby_base_family,authentic_target,change_final_y_to_i,more than one baby,reviewed_source,0e0507800ee9199f2968a38fac7d0c121432a7f1e91b742a163c137566401a7f,df5ff9cadf719593da9fb0c012c65f14d946faef472d59ace8fd6c59a8844600,Katie Sanderson,2026-07-24T15:53:22+01:00
baby_en_gb,baby,D4_MOR_BASE_WORDS_IDENTIFY_BASE,baby_base_family,base,,a very young child or animal,reviewed_source,7190eaf114399825e8573b8d8e4780ee18fb74b7731dc0a658169244b400cb5d,df5ff9cadf719593da9fb0c012c65f14d946faef472d59ace8fd6c59a8844600,Katie Sanderson,2026-07-24T15:53:22+01:00
bake_en_gb,bake,D4_MOR_BASE_WORDS_IDENTIFY_BASE,bake_base_family,base,,"to cook food using dry heat, usually in an oven",reviewed_source,799328112b607c0c49585da1f7c10c11afe612a2fc7bc40aab1c1b1126608160,df5ff9cadf719593da9fb0c012c65f14d946faef472d59ace8fd6c59a8844600,Katie Sanderson,2026-07-24T15:53:22+01:00
baked_en_gb,baked,D4_MOR_BASE_WORDS_IDENTIFY_BASE,bake_base_family,authentic_target,,cooked in an oven earlier,generated_and_reviewed,32b444dfaedba8bd091c8d007edcf47158edbae5e075aaebef89b6dcb2a73e42,df5ff9cadf719593da9fb0c012c65f14d946faef472d59ace8fd6c59a8844600,Katie Sanderson,2026-07-24T15:53:22+01:00
bed_en_gb,bed,D4_MOR_BASE_WORDS_IDENTIFY_BASE,bed_base_family,base,,a piece of furniture for sleeping,reviewed_source,1b7e981cf13af34a21f15ef3ea9fd6b8b32cf8f6e71f50b84d4263f735306128,df5ff9cadf719593da9fb0c012c65f14d946faef472d59ace8fd6c59a8844600,Katie Sanderson,2026-07-24T15:53:22+01:00
big_en_gb,big,D4_MOR_BASE_WORDS_IDENTIFY_BASE,big_base_family,base,,large in size,reviewed_source,bd7b16766067864d56d62476872ff946ac5dbe9c53b21618ef672bf6d6751a23,df5ff9cadf719593da9fb0c012c65f14d946faef472d59ace8fd6c59a8844600,Katie Sanderson,2026-07-24T15:53:22+01:00
bigger_en_gb,bigger,D4_MOR_BASE_WORDS_IDENTIFY_BASE,big_base_family,authentic_target,,larger in size,reviewed_source,7b8eb6e9400c447064c5504b53d9c2f4bc022c67fdb9d80f0e0a719456841b49,df5ff9cadf719593da9fb0c012c65f14d946faef472d59ace8fd6c59a8844600,Katie Sanderson,2026-07-24T15:53:22+01:00
biggest_en_gb,biggest,D4_MOR_BASE_WORDS_IDENTIFY_BASE,big_base_family,authentic_target,,largest in size,reviewed_source,cd5b6b25ea62efa46a70bf0c4eff6027b0781f43eaf2e9fa561e1dacba58f631,df5ff9cadf719593da9fb0c012c65f14d946faef472d59ace8fd6c59a8844600,Katie Sanderson,2026-07-24T15:53:22+01:00
book_en_gb,book,D4_MOR_BASE_WORDS_IDENTIFY_BASE,book_base_family,base,,a set of written or printed pages,reviewed_source,0ab23bab7acfb77e3acc06c61a5f4eeeca503ce97ba1ac302163f8e6a12daaa4,df5ff9cadf719593da9fb0c012c65f14d946faef472d59ace8fd6c59a8844600,Katie Sanderson,2026-07-24T15:53:22+01:00
books_en_gb,books,D4_MOR_BASE_WORDS_IDENTIFY_BASE,book_base_family,authentic_target,,more than one book,reviewed_source,672fc757edaf26460d6fbedf90858f3b3d857d44f531b90d19f20657859ce152,df5ff9cadf719593da9fb0c012c65f14d946faef472d59ace8fd6c59a8844600,Katie Sanderson,2026-07-24T15:53:22+01:00
brave_en_gb,brave,D4_MOR_BASE_WORDS_IDENTIFY_BASE,brave_base_family,base,,able to face something frightening or difficult,reviewed_source,9009c36b4249020f0b511f625df47ade0864d061c953e95601d3f11d42b98aa3,df5ff9cadf719593da9fb0c012c65f14d946faef472d59ace8fd6c59a8844600,Katie Sanderson,2026-07-24T15:53:22+01:00
braver_en_gb,braver,D4_MOR_BASE_WORDS_IDENTIFY_BASE,brave_base_family,authentic_target,,more brave,reviewed_source,90e4b1a15491840a259c1096984a20f09f3691c09330004e1d0a737c0e908de0,df5ff9cadf719593da9fb0c012c65f14d946faef472d59ace8fd6c59a8844600,Katie Sanderson,2026-07-24T15:53:22+01:00
bravest_en_gb,bravest,D4_MOR_BASE_WORDS_IDENTIFY_BASE,brave_base_family,authentic_target,,the most brave,reviewed_source,c0bb4ec0ff5f0037a90e769e4af1b5778b48d8c9186d1cb33358c965349e4478,df5ff9cadf719593da9fb0c012c65f14d946faef472d59ace8fd6c59a8844600,Katie Sanderson,2026-07-24T15:53:22+01:00
busier_en_gb,busier,D4_MOR_BASE_WORDS_IDENTIFY_BASE,busy_base_family,authentic_target,change_final_y_to_i,having more to do,reviewed_source,3074a765f8a31a4e414cfd0095f577b463c0122fb9ada261cfe18369fec712b2,df5ff9cadf719593da9fb0c012c65f14d946faef472d59ace8fd6c59a8844600,Katie Sanderson,2026-07-24T15:53:22+01:00
busiest_en_gb,busiest,D4_MOR_BASE_WORDS_IDENTIFY_BASE,busy_base_family,authentic_target,change_final_y_to_i,having the most to do,reviewed_source,6b3ac3ab8825ccdc16a50998e09f07de3e97f2a5d4c46d44310803b135f51d6b,df5ff9cadf719593da9fb0c012c65f14d946faef472d59ace8fd6c59a8844600,Katie Sanderson,2026-07-24T15:53:22+01:00
busy_en_gb,busy,D4_MOR_BASE_WORDS_IDENTIFY_BASE,busy_base_family,base,,having a lot to do,reviewed_source,c52b213dc27010d2d58cf9e0e2b53c07e35ef2af88562ab6265f20b4e485a26b,df5ff9cadf719593da9fb0c012c65f14d946faef472d59ace8fd6c59a8844600,Katie Sanderson,2026-07-24T15:53:22+01:00
car_en_gb,car,D4_MOR_BASE_WORDS_IDENTIFY_BASE,car_base_family,base,,a road vehicle that carries people,reviewed_source,0e51aac8a87226e41f95b3f9bbce0b68a3ea04685d7d0932073c5a4d135275dc,df5ff9cadf719593da9fb0c012c65f14d946faef472d59ace8fd6c59a8844600,Katie Sanderson,2026-07-24T15:53:22+01:00
cars_en_gb,cars,D4_MOR_BASE_WORDS_IDENTIFY_BASE,car_base_family,authentic_target,,more than one car,reviewed_source,1a7f09bd8219ad62664a9db8be41c797a8bc1b2ddad2227d1ba3804292bb1a0d,df5ff9cadf719593da9fb0c012c65f14d946faef472d59ace8fd6c59a8844600,Katie Sanderson,2026-07-24T15:53:22+01:00
care_en_gb,care,D4_MOR_BASE_WORDS_IDENTIFY_BASE,care_base_family,base,,to feel concern for someone or something,reviewed_source,0cd44f44ac61050a583ac4b035f0f51fcca9706462b3aac7c593bab23bfad94d,df5ff9cadf719593da9fb0c012c65f14d946faef472d59ace8fd6c59a8844600,Katie Sanderson,2026-07-24T15:53:22+01:00
careful_en_gb,careful,D4_MOR_BASE_WORDS_IDENTIFY_BASE,care_base_family,authentic_target,,taking care to avoid mistakes or danger,reviewed_override,c7c03727f4888896385d6bcd18d6b6343d2b1e5d60c0809cd6ba66e6423a562e,df5ff9cadf719593da9fb0c012c65f14d946faef472d59ace8fd6c59a8844600,Katie Sanderson,2026-07-24T15:53:22+01:00
careless_en_gb,careless,D4_MOR_BASE_WORDS_IDENTIFY_BASE,care_base_family,authentic_target,,without enough care,reviewed_override,7ed6fbe990a77b1ad60085b88027613394366382e0edd2e35d76e34d8dff6e33,df5ff9cadf719593da9fb0c012c65f14d946faef472d59ace8fd6c59a8844600,Katie Sanderson,2026-07-24T15:53:22+01:00
carried_en_gb,carried,D4_MOR_BASE_WORDS_IDENTIFY_BASE,carry_base_family,authentic_target,change_final_y_to_i,held and moved something earlier,generated_and_reviewed,59427221e7b2272db7dd3b5ca303822da8e93804dbc1d07db3e03f538a7a7a43,df5ff9cadf719593da9fb0c012c65f14d946faef472d59ace8fd6c59a8844600,Katie Sanderson,2026-07-24T15:53:22+01:00
carries_en_gb,carries,D4_MOR_BASE_WORDS_IDENTIFY_BASE,carry_base_family,authentic_target,change_final_y_to_i,holds and moves something,reviewed_source,4015034ad585ff158a538ef0d001b811cc4182fcb2bd9d7f9eb575509cf11430,df5ff9cadf719593da9fb0c012c65f14d946faef472d59ace8fd6c59a8844600,Katie Sanderson,2026-07-24T15:53:22+01:00
carry_en_gb,carry,D4_MOR_BASE_WORDS_IDENTIFY_BASE,carry_base_family,base,,to hold and move something,reviewed_source,2d3f7c04c866a60e4166c93b8cdff976ccfa682043ae4ef86a5a213c0d65cc6b,df5ff9cadf719593da9fb0c012c65f14d946faef472d59ace8fd6c59a8844600,Katie Sanderson,2026-07-24T15:53:22+01:00
cat_en_gb,cat,D4_MOR_BASE_WORDS_IDENTIFY_BASE,cat_base_family,base,,a small pet animal with fur and whiskers,reviewed_source,05352ce2e45997d4177c6334ef7e485d9aebc35e2a8e9dd863752426756ca084,df5ff9cadf719593da9fb0c012c65f14d946faef472d59ace8fd6c59a8844600,Katie Sanderson,2026-07-24T15:53:22+01:00
cats_en_gb,cats,D4_MOR_BASE_WORDS_IDENTIFY_BASE,cat_base_family,authentic_target,,more than one cat,reviewed_source,175ec9b461e15ef5706f73643e220b905fb1322e9603e6dde3e347daa28a89e5,df5ff9cadf719593da9fb0c012c65f14d946faef472d59ace8fd6c59a8844600,Katie Sanderson,2026-07-24T15:53:22+01:00
child_en_gb,child,D4_MOR_BASE_WORDS_IDENTIFY_BASE,child_base_family,base,,a young person,reviewed_source,2ff5da3645a8861200ae444a1dfbfcf1f8d172746eb45286bc6b06fcc6f97136,df5ff9cadf719593da9fb0c012c65f14d946faef472d59ace8fd6c59a8844600,Katie Sanderson,2026-07-24T15:53:22+01:00
children_en_gb,children,D4_MOR_BASE_WORDS_IDENTIFY_BASE,child_base_family,authentic_target,,more than one child,reviewed_source,5371bb1c768d59418b28360a42cd49425ef217f4e15568ef5baa28dcf7cc5fc7,df5ff9cadf719593da9fb0c012c65f14d946faef472d59ace8fd6c59a8844600,Katie Sanderson,2026-07-24T15:53:22+01:00
cities_en_gb,cities,D4_MOR_BASE_WORDS_IDENTIFY_BASE,city_base_family,authentic_target,change_final_y_to_i,more than one city,reviewed_source,dae720a158c7c81d53370b615dca3d70c67d8af986f7e471bca05d1c7a6b731e,df5ff9cadf719593da9fb0c012c65f14d946faef472d59ace8fd6c59a8844600,Katie Sanderson,2026-07-24T15:53:22+01:00
city_en_gb,city,D4_MOR_BASE_WORDS_IDENTIFY_BASE,city_base_family,base,,a large town,reviewed_source,2fe07cfa4c5b1d4b5a303afe38a9c9f41cae08d9105caf26e2e3d7099a1378aa,df5ff9cadf719593da9fb0c012c65f14d946faef472d59ace8fd6c59a8844600,Katie Sanderson,2026-07-24T15:53:22+01:00
clean_en_gb,clean,D4_MOR_BASE_WORDS_IDENTIFY_BASE,clean_base_family,base,,not dirty,reviewed_source,15fc7061195b9d7ffb2ec9f649542ba66557ed0536e35467c949bc359cefe31d,df5ff9cadf719593da9fb0c012c65f14d946faef472d59ace8fd6c59a8844600,Katie Sanderson,2026-07-24T15:53:22+01:00
cleaned_en_gb,cleaned,D4_MOR_BASE_WORDS_IDENTIFY_BASE,clean_base_family,authentic_target,,made something clean earlier,generated_and_reviewed,b44177f9d70623a1f839673f0a5f5145d896c584e18f5125f7c6edab3653bd1a,df5ff9cadf719593da9fb0c012c65f14d946faef472d59ace8fd6c59a8844600,Katie Sanderson,2026-07-24T15:53:22+01:00
copied_en_gb,copied,D4_MOR_BASE_WORDS_IDENTIFY_BASE,copy_base_family,authentic_target,change_final_y_to_i,made something like another thing earlier,generated_and_reviewed,431a3c17e00d6b65d6a1f1a8654d971242bed85fbb637248c852ec416a093952,df5ff9cadf719593da9fb0c012c65f14d946faef472d59ace8fd6c59a8844600,Katie Sanderson,2026-07-24T15:53:22+01:00
copy_en_gb,copy,D4_MOR_BASE_WORDS_IDENTIFY_BASE,copy_base_family,base,,to make something like another thing,reviewed_source,01e53fe322727cadf9512b51d293ca50be400ff6661d114ddd2393352fd80c31,df5ff9cadf719593da9fb0c012c65f14d946faef472d59ace8fd6c59a8844600,Katie Sanderson,2026-07-24T15:53:22+01:00
cried_en_gb,cried,D4_MOR_BASE_WORDS_IDENTIFY_BASE,cry_base_family,authentic_target,change_final_y_to_i,had tears come from your eyes earlier,generated_and_reviewed,0eb21b1ed9fc1c3147cb1e9d132c7e940152d3cc52f7c9a8f2cc22d51f9fd8b5,df5ff9cadf719593da9fb0c012c65f14d946faef472d59ace8fd6c59a8844600,Katie Sanderson,2026-07-24T15:53:22+01:00
cries_en_gb,cries,D4_MOR_BASE_WORDS_IDENTIFY_BASE,cry_base_family,authentic_target,change_final_y_to_i,has tears come from their eyes,reviewed_source,b093a5157947f1d33885ef65bedafa9111ecc55a633b2649e017f41725e9626f,df5ff9cadf719593da9fb0c012c65f14d946faef472d59ace8fd6c59a8844600,Katie Sanderson,2026-07-24T15:53:22+01:00
cry_en_gb,cry,D4_MOR_BASE_WORDS_IDENTIFY_BASE,cry_base_family,base,,to have tears come from your eyes,reviewed_source,71adafe7fefe53b55fe58f03e9f8970619332d6ef3a46dc48118730a4036b114,df5ff9cadf719593da9fb0c012c65f14d946faef472d59ace8fd6c59a8844600,Katie Sanderson,2026-07-24T15:53:22+01:00
danger_en_gb,danger,D4_MOR_BASE_WORDS_IDENTIFY_BASE,danger_base_family,base,,the chance that someone or something may be harmed,reviewed_source,e3356cdecba814dd31facc74a5eccb36812f84cea1b3ffceeb640713c14b4ca3,df5ff9cadf719593da9fb0c012c65f14d946faef472d59ace8fd6c59a8844600,Katie Sanderson,2026-07-24T15:53:22+01:00
dangerous_en_gb,dangerous,D4_MOR_BASE_WORDS_IDENTIFY_BASE,danger_base_family,authentic_target,,likely to cause harm,reviewed_source,cfe93a26a4b0b8d8cb32a8621e93285b2d6cee596f72e88d6602b675376687e3,df5ff9cadf719593da9fb0c012c65f14d946faef472d59ace8fd6c59a8844600,Katie Sanderson,2026-07-24T15:53:22+01:00
define_en_gb,define,D4_MOR_BASE_WORDS_IDENTIFY_BASE,define_base_family,base,,to explain exactly what a word or idea means,reviewed_source,1d5a186a8e4335a7b2b19478ecbf77efa73c43de2a41301b2f0e3350ab303435,df5ff9cadf719593da9fb0c012c65f14d946faef472d59ace8fd6c59a8844600,Katie Sanderson,2026-07-24T15:53:22+01:00
definition_en_gb,definition,D4_MOR_BASE_WORDS_IDENTIFY_BASE,define_base_family,authentic_target,,an explanation that tells what a word or idea means,reviewed_override,1d71db606013156e2d09974ff4d47680a7f2e5e1b3e40aec8786255194c06f90,df5ff9cadf719593da9fb0c012c65f14d946faef472d59ace8fd6c59a8844600,Katie Sanderson,2026-07-24T15:53:22+01:00
die_en_gb,die,D4_MOR_BASE_WORDS_IDENTIFY_BASE,die_base_family,base,,to stop being alive,reviewed_source,10b3c13fb0a1de3abcd1db97d0eb270609c4d297d4b59e66773f9db6f8c7a01a,df5ff9cadf719593da9fb0c012c65f14d946faef472d59ace8fd6c59a8844600,Katie Sanderson,2026-07-24T15:53:22+01:00
dying_en_gb,dying,D4_MOR_BASE_WORDS_IDENTIFY_BASE,die_base_family,authentic_target,,coming to the end of life,reviewed_source,bec5845c0ad5c68b561894768b7000d0bc97ce9683f6963b716b1925922e0e1c,df5ff9cadf719593da9fb0c012c65f14d946faef472d59ace8fd6c59a8844600,Katie Sanderson,2026-07-24T15:53:22+01:00
dog_en_gb,dog,D4_MOR_BASE_WORDS_IDENTIFY_BASE,dog_base_family,base,,a pet animal that barks,reviewed_source,97772c3f274928060289299f1bde349059c101f14bf40f3ef8749e2f0bf518e2,df5ff9cadf719593da9fb0c012c65f14d946faef472d59ace8fd6c59a8844600,Katie Sanderson,2026-07-24T15:53:22+01:00
dogs_en_gb,dogs,D4_MOR_BASE_WORDS_IDENTIFY_BASE,dog_base_family,authentic_target,,more than one dog,reviewed_source,99c1ff4fac3ba7ace340760e1e80bed0c8ac990c67dcd816b904d3dcfb8c3162,df5ff9cadf719593da9fb0c012c65f14d946faef472d59ace8fd6c59a8844600,Katie Sanderson,2026-07-24T15:53:22+01:00
face_en_gb,face,D4_MOR_BASE_WORDS_IDENTIFY_BASE,face_base_family,base,,the front part of a person's head,reviewed_source,4e74ffb2c80b40c803d8fae631728b0ae1246081ec634dc71dd4994b8dfe254f,df5ff9cadf719593da9fb0c012c65f14d946faef472d59ace8fd6c59a8844600,Katie Sanderson,2026-07-24T15:53:22+01:00
facial_en_gb,facial,D4_MOR_BASE_WORDS_IDENTIFY_BASE,face_base_family,authentic_target,,to do with the face,reviewed_source,6e182a1dbd5dfddebc096a4fc60d4302215fe017ffe2ab9a787d2ac159255be9,df5ff9cadf719593da9fb0c012c65f14d946faef472d59ace8fd6c59a8844600,Katie Sanderson,2026-07-24T15:53:22+01:00
fair_en_gb,fair,D4_MOR_BASE_WORDS_IDENTIFY_BASE,fair_base_family,base,,treating people equally and properly,reviewed_source,26d89e73386ace291ec70c31e7b5b96c946ebeb9698a7298fc69a1ce548766ac,df5ff9cadf719593da9fb0c012c65f14d946faef472d59ace8fd6c59a8844600,Katie Sanderson,2026-07-24T15:53:22+01:00
unfair_en_gb,unfair,D4_MOR_BASE_WORDS_IDENTIFY_BASE,fair_base_family,authentic_target,,not fair; not treating people equally or properly,reviewed_override,13ec12f660cabaa86c593cdd48ba92266e838e631404465ac43701238fda3ef9,df5ff9cadf719593da9fb0c012c65f14d946faef472d59ace8fd6c59a8844600,Katie Sanderson,2026-07-24T15:53:22+01:00
fast_en_gb,fast,D4_MOR_BASE_WORDS_IDENTIFY_BASE,fast_base_family,base,,moving quickly,reviewed_source,7003ffe86f6100d42029a6c51072720fba0e6d90b1d269a925dbad9febbecbfb,df5ff9cadf719593da9fb0c012c65f14d946faef472d59ace8fd6c59a8844600,Katie Sanderson,2026-07-24T15:53:22+01:00
faster_en_gb,faster,D4_MOR_BASE_WORDS_IDENTIFY_BASE,fast_base_family,authentic_target,,moving more quickly,reviewed_source,a674753eecf7f018aefa594a0a6e1b690249d51e4a588f1d186f83f7e29d6507,df5ff9cadf719593da9fb0c012c65f14d946faef472d59ace8fd6c59a8844600,Katie Sanderson,2026-07-24T15:53:22+01:00
fastest_en_gb,fastest,D4_MOR_BASE_WORDS_IDENTIFY_BASE,fast_base_family,authentic_target,,moving most quickly,reviewed_source,cb704c651594f0d479130e26867aec3df8eaf261c722e480216ec5bbf0468468,df5ff9cadf719593da9fb0c012c65f14d946faef472d59ace8fd6c59a8844600,Katie Sanderson,2026-07-24T15:53:22+01:00
foot_en_gb,foot,D4_MOR_BASE_WORDS_IDENTIFY_BASE,foot_base_family,base,,the part at the end of your leg that you stand on,reviewed_source,2045c9aa9952da5e28d352105014647c44ad7ab306b0033ca717cd899fe89e10,df5ff9cadf719593da9fb0c012c65f14d946faef472d59ace8fd6c59a8844600,Katie Sanderson,2026-07-24T15:53:22+01:00
go_en_gb,go,D4_MOR_BASE_WORDS_IDENTIFY_BASE,go_base_family,base,,to move from one place to another,reviewed_source,3c07f9aff7a14dda68886fb321d41a39c35e68903b68a2339751247d49d74d56,df5ff9cadf719593da9fb0c012c65f14d946faef472d59ace8fd6c59a8844600,Katie Sanderson,2026-07-24T15:53:22+01:00
goes_en_gb,goes,D4_MOR_BASE_WORDS_IDENTIFY_BASE,go_base_family,authentic_target,,moves from one place to another,reviewed_source,0a9a6fadad8e2a134084ef6a2ed834deb5f7f3dacdee3154cb657aad9ce605a6,df5ff9cadf719593da9fb0c012c65f14d946faef472d59ace8fd6c59a8844600,Katie Sanderson,2026-07-24T15:53:22+01:00
grab_en_gb,grab,D4_MOR_BASE_WORDS_IDENTIFY_BASE,grab_base_family,base,,to take hold of something quickly,reviewed_source,6503923480448111c8620fc575baf0aaa973883c3a786c54474159db6fae375e,df5ff9cadf719593da9fb0c012c65f14d946faef472d59ace8fd6c59a8844600,Katie Sanderson,2026-07-24T15:53:22+01:00
grabbed_en_gb,grabbed,D4_MOR_BASE_WORDS_IDENTIFY_BASE,grab_base_family,authentic_target,,took hold of something quickly earlier,generated_and_reviewed,604df1f4b4e0b71ed3924be24a9efa5fbf76810cebbe01f55840475bf2d7450d,df5ff9cadf719593da9fb0c012c65f14d946faef472d59ace8fd6c59a8844600,Katie Sanderson,2026-07-24T15:53:22+01:00
geography_en_gb,geography,D4_MOR_BASE_WORDS_IDENTIFY_BASE,graph_base_family,authentic_target,,"learning about the Earth, its places, and its people",reviewed_override,4d092e3e665f164560ec8d4b021f28db1daf9485d18325e4a8eae31f9c6808fb,df5ff9cadf719593da9fb0c012c65f14d946faef472d59ace8fd6c59a8844600,Katie Sanderson,2026-07-24T15:53:22+01:00
graph_en_gb,graph,D4_MOR_BASE_WORDS_IDENTIFY_BASE,graph_base_family,base,,a diagram that shows information,reviewed_source,b64cf17bffce0fa9d3978170f1b130ab34d2bc0db8f9501cc6e340ac277e1d01,df5ff9cadf719593da9fb0c012c65f14d946faef472d59ace8fd6c59a8844600,Katie Sanderson,2026-07-24T15:53:22+01:00
graphic_en_gb,graphic,D4_MOR_BASE_WORDS_IDENTIFY_BASE,graph_base_family,authentic_target,,shown using pictures or diagrams,reviewed_source,4e569aff7d91bbfb9b0af1114fdcbb553259ddad3667d90d87e75d07e39818b5,df5ff9cadf719593da9fb0c012c65f14d946faef472d59ace8fd6c59a8844600,Katie Sanderson,2026-07-24T15:53:22+01:00
photograph_en_gb,photograph,D4_MOR_BASE_WORDS_IDENTIFY_BASE,graph_base_family,transfer,,a picture made using light and a camera,reviewed_override,a9a2425ade1e9e3e556b33ed9bd345e79e842b3e15affcdc6a173ee60c553d9e,df5ff9cadf719593da9fb0c012c65f14d946faef472d59ace8fd6c59a8844600,Katie Sanderson,2026-07-24T15:53:22+01:00
photography_en_gb,photography,D4_MOR_BASE_WORDS_IDENTIFY_BASE,graph_base_family,transfer,,the art of making pictures using light and a camera,reviewed_override,e80039913368002b271404e3359dfdd0b416846f008f39c1540d10dfc122e9b0,df5ff9cadf719593da9fb0c012c65f14d946faef472d59ace8fd6c59a8844600,Katie Sanderson,2026-07-24T15:53:22+01:00
grow_en_gb,grow,D4_MOR_BASE_WORDS_IDENTIFY_BASE,grow_base_family,base,,to become bigger or develop,reviewed_source,fb4b098eb3b5de9dc10cba3377e4d0d59b5d19fb0d1817dd03c27aeb4d7566d5,df5ff9cadf719593da9fb0c012c65f14d946faef472d59ace8fd6c59a8844600,Katie Sanderson,2026-07-24T15:53:22+01:00
grown_en_gb,grown,D4_MOR_BASE_WORDS_IDENTIFY_BASE,grow_base_family,authentic_target,,become bigger or developed,reviewed_source,d3927809b65720ba7b1dc6af78a3c894588807484a4cc8c59ba596159412ac12,df5ff9cadf719593da9fb0c012c65f14d946faef472d59ace8fd6c59a8844600,Katie Sanderson,2026-07-24T15:53:22+01:00
happier_en_gb,happier,D4_MOR_BASE_WORDS_IDENTIFY_BASE,happy_base_family,authentic_target,change_final_y_to_i,feeling more pleased or glad,reviewed_source,3e2a2fa0720b544a8a3bfb51c3b63069015512257e00bd2cd6a699d263ada4ba,df5ff9cadf719593da9fb0c012c65f14d946faef472d59ace8fd6c59a8844600,Katie Sanderson,2026-07-24T15:53:22+01:00
happiness_en_gb,happiness,D4_MOR_BASE_WORDS_IDENTIFY_BASE,happy_base_family,authentic_target,change_final_y_to_i,the state of being happy,reviewed_override,a31ddd12350592dedb7db69173c656420265f0475ae8599573ded7f312d441dd,df5ff9cadf719593da9fb0c012c65f14d946faef472d59ace8fd6c59a8844600,Katie Sanderson,2026-07-24T15:53:22+01:00
happy_en_gb,happy,D4_MOR_BASE_WORDS_IDENTIFY_BASE,happy_base_family,base,,feeling pleased or glad,reviewed_source,d98ce1628faf29b4bc2725efed9d1324b4db185751aff02cabb574ea9181a63a,df5ff9cadf719593da9fb0c012c65f14d946faef472d59ace8fd6c59a8844600,Katie Sanderson,2026-07-24T15:53:22+01:00
unhappy_en_gb,unhappy,D4_MOR_BASE_WORDS_IDENTIFY_BASE,happy_base_family,transfer,,not happy; feeling sad or not pleased,reviewed_override,f990e2f89410d93f0e02b9e772a218d9691dbae3291d0508c38779158c8ad075,df5ff9cadf719593da9fb0c012c65f14d946faef472d59ace8fd6c59a8844600,Katie Sanderson,2026-07-24T15:53:22+01:00
help_en_gb,help,D4_MOR_BASE_WORDS_IDENTIFY_BASE,help_base_family,base,,to make something easier for someone,reviewed_source,9e5b939a2fccbe332b6be0bed1561bd4781b6e7d32f37c34e37f8c9c835dffe1,df5ff9cadf719593da9fb0c012c65f14d946faef472d59ace8fd6c59a8844600,Katie Sanderson,2026-07-24T15:53:22+01:00
helpful_en_gb,helpful,D4_MOR_BASE_WORDS_IDENTIFY_BASE,help_base_family,authentic_target,,giving help or being useful,reviewed_override,0bcc47532eec204ae0d9825343f18a8be4cbc43aaa7b0d5942d635b6a2c3d68d,df5ff9cadf719593da9fb0c012c65f14d946faef472d59ace8fd6c59a8844600,Katie Sanderson,2026-07-24T15:53:22+01:00
hop_en_gb,hop,D4_MOR_BASE_WORDS_IDENTIFY_BASE,hop_base_family,base,,to jump on one foot,reviewed_source,015a4423ca97d54614ab5402ac33f18db5e9b25ecd1ec97637c5e3a1d2611128,df5ff9cadf719593da9fb0c012c65f14d946faef472d59ace8fd6c59a8844600,Katie Sanderson,2026-07-24T15:53:22+01:00
hopped_en_gb,hopped,D4_MOR_BASE_WORDS_IDENTIFY_BASE,hop_base_family,authentic_target,,jumped on one foot earlier,generated_and_reviewed,b985d50404be4e97b941d644f0247484b629c61d86bc215bf73653af37d15f64,df5ff9cadf719593da9fb0c012c65f14d946faef472d59ace8fd6c59a8844600,Katie Sanderson,2026-07-24T15:53:22+01:00
hope_en_gb,hope,D4_MOR_BASE_WORDS_IDENTIFY_BASE,hope_base_family,base,,to want something good to happen,reviewed_source,4fad9b21ebb36f5573010077d201650094c1c4141be158229a926dd559e181da,df5ff9cadf719593da9fb0c012c65f14d946faef472d59ace8fd6c59a8844600,Katie Sanderson,2026-07-24T15:53:22+01:00
hoped_en_gb,hoped,D4_MOR_BASE_WORDS_IDENTIFY_BASE,hope_base_family,authentic_target,,wanted something good to happen earlier,generated_and_reviewed,1e72affa5bf2e9d6c7303a05aad4b55d69ba68ff8adac8950df56a55aa22b180,df5ff9cadf719593da9fb0c012c65f14d946faef472d59ace8fd6c59a8844600,Katie Sanderson,2026-07-24T15:53:22+01:00
hopeful_en_gb,hopeful,D4_MOR_BASE_WORDS_IDENTIFY_BASE,hope_base_family,authentic_target,,full of hope that something good may happen,reviewed_override,ba15d78cb1d71966c6d13ce6618067a1c959dfc385ed8f18443460c658b911b3,df5ff9cadf719593da9fb0c012c65f14d946faef472d59ace8fd6c59a8844600,Katie Sanderson,2026-07-24T15:53:22+01:00
hopeless_en_gb,hopeless,D4_MOR_BASE_WORDS_IDENTIFY_BASE,hope_base_family,transfer,,without hope of a good result,reviewed_override,5c29a198f6bdd746cef67aacc1063e2c5567d69cc6a2ac10fb2591657b042818,df5ff9cadf719593da9fb0c012c65f14d946faef472d59ace8fd6c59a8844600,Katie Sanderson,2026-07-24T15:53:22+01:00
hoping_en_gb,hoping,D4_MOR_BASE_WORDS_IDENTIFY_BASE,hope_base_family,transfer,,wanting something good to happen right now,generated_and_reviewed,2f808ab62e3bafb4eedce6471878af4b0e7353b53a9a426ac5e6ff0f5dce0087,df5ff9cadf719593da9fb0c012c65f14d946faef472d59ace8fd6c59a8844600,Katie Sanderson,2026-07-24T15:53:22+01:00
hot_en_gb,hot,D4_MOR_BASE_WORDS_IDENTIFY_BASE,hot_base_family,base,,having a high temperature,reviewed_source,8c0bf7ad4663ca0aeb33b4c321eff11d64edcafe77e0788383f889a8ea4ecd9c,df5ff9cadf719593da9fb0c012c65f14d946faef472d59ace8fd6c59a8844600,Katie Sanderson,2026-07-24T15:53:22+01:00
hotter_en_gb,hotter,D4_MOR_BASE_WORDS_IDENTIFY_BASE,hot_base_family,authentic_target,,having a higher temperature,reviewed_source,523c6385c8c909786b955fce1be1f7ff6b3f2932c31763d1afbc948f1e4c9e83,df5ff9cadf719593da9fb0c012c65f14d946faef472d59ace8fd6c59a8844600,Katie Sanderson,2026-07-24T15:53:22+01:00
hottest_en_gb,hottest,D4_MOR_BASE_WORDS_IDENTIFY_BASE,hot_base_family,authentic_target,,having the highest temperature,reviewed_source,b10fe32760b0e5302871a659d04ba356812aa7a90acc3a26dc34e7072cdd2157,df5ff9cadf719593da9fb0c012c65f14d946faef472d59ace8fd6c59a8844600,Katie Sanderson,2026-07-24T15:53:22+01:00
inform_en_gb,inform,D4_MOR_BASE_WORDS_IDENTIFY_BASE,inform_base_family,base,,to tell someone facts or news,reviewed_source,a7b3568c9c0f7c6e46dfa941084ec396a01d6f244af230cbd06e520f8d6b0c71,df5ff9cadf719593da9fb0c012c65f14d946faef472d59ace8fd6c59a8844600,Katie Sanderson,2026-07-24T15:53:22+01:00
information_en_gb,information,D4_MOR_BASE_WORDS_IDENTIFY_BASE,inform_base_family,authentic_target,,facts that tell you about something,reviewed_override,f85cabad25f59d0fbade66ab9291a21aee1ab1d66a02b3937cc9d55342f55659,df5ff9cadf719593da9fb0c012c65f14d946faef472d59ace8fd6c59a8844600,Katie Sanderson,2026-07-24T15:53:22+01:00
enjoy_en_gb,enjoy,D4_MOR_BASE_WORDS_IDENTIFY_BASE,joy_base_family,authentic_target,,to take pleasure in something,reviewed_source,8620168779d934432032f11df204cfb1862d90093cbbb5f45a78ff5187f771d3,df5ff9cadf719593da9fb0c012c65f14d946faef472d59ace8fd6c59a8844600,Katie Sanderson,2026-07-24T15:53:22+01:00
enjoyable_en_gb,enjoyable,D4_MOR_BASE_WORDS_IDENTIFY_BASE,joy_base_family,authentic_target,,pleasant and fun,reviewed_source,c86a85489d7017ab36d662651972c9ef120fc318026ffc07a694d4a0ea0b0d06,df5ff9cadf719593da9fb0c012c65f14d946faef472d59ace8fd6c59a8844600,Katie Sanderson,2026-07-24T15:53:22+01:00
enjoyment_en_gb,enjoyment,D4_MOR_BASE_WORDS_IDENTIFY_BASE,joy_base_family,transfer,,the feeling of enjoying something,reviewed_override,b90ce874432052cf56c25a91e200c785eed9a1426e4ba85717009b84507a435f,df5ff9cadf719593da9fb0c012c65f14d946faef472d59ace8fd6c59a8844600,Katie Sanderson,2026-07-24T15:53:22+01:00
joy_en_gb,joy,D4_MOR_BASE_WORDS_IDENTIFY_BASE,joy_base_family,base,,a feeling of great happiness,reviewed_source,47275fd42e89c140650b689cd40fac72bca10207120ab8af7a69a228eb8d63f6,df5ff9cadf719593da9fb0c012c65f14d946faef472d59ace8fd6c59a8844600,Katie Sanderson,2026-07-24T15:53:22+01:00
jump_en_gb,jump,D4_MOR_BASE_WORDS_IDENTIFY_BASE,jump_base_family,base,,to push yourself into the air,reviewed_source,94ef1a38ad6334750869bf7af206d1f486a2185bd223d75daec4e8968c59c0e9,df5ff9cadf719593da9fb0c012c65f14d946faef472d59ace8fd6c59a8844600,Katie Sanderson,2026-07-24T15:53:22+01:00
jumped_en_gb,jumped,D4_MOR_BASE_WORDS_IDENTIFY_BASE,jump_base_family,authentic_target,,pushed yourself into the air earlier,generated_and_reviewed,656d47662636805f68c77fdf49fef8ffcc03a196ecc1defab7a6c59ff4fffd91,df5ff9cadf719593da9fb0c012c65f14d946faef472d59ace8fd6c59a8844600,Katie Sanderson,2026-07-24T15:53:22+01:00
jumping_en_gb,jumping,D4_MOR_BASE_WORDS_IDENTIFY_BASE,jump_base_family,authentic_target,,pushing yourself into the air right now,generated_and_reviewed,6c4bb0e59727bd663a1f77c568875fb69cbae5b5f0169bea268f1ce99c15d74f,df5ff9cadf719593da9fb0c012c65f14d946faef472d59ace8fd6c59a8844600,Katie Sanderson,2026-07-24T15:53:22+01:00
jumps_en_gb,jumps,D4_MOR_BASE_WORDS_IDENTIFY_BASE,jump_base_family,transfer,,pushes itself into the air,reviewed_source,ad4a913fabbbe742fec6a603546e53f1cecffd8156ee306b26fcf0bb75d9cf83,df5ff9cadf719593da9fb0c012c65f14d946faef472d59ace8fd6c59a8844600,Katie Sanderson,2026-07-24T15:53:22+01:00
kind_en_gb,kind,D4_MOR_BASE_WORDS_IDENTIFY_BASE,kind_base_family,base,,caring and helpful to others,reviewed_source,8168262babc48e69fbfcc6129ca447eb75bf5d09171e3d003024999840effe7c,df5ff9cadf719593da9fb0c012c65f14d946faef472d59ace8fd6c59a8844600,Katie Sanderson,2026-07-24T15:53:22+01:00
kindness_en_gb,kindness,D4_MOR_BASE_WORDS_IDENTIFY_BASE,kind_base_family,authentic_target,,the quality of being kind,reviewed_override,1b34dd6ee75d8491674123eaf68379d75ac5e3dccce52b91cecde64c1824be48,df5ff9cadf719593da9fb0c012c65f14d946faef472d59ace8fd6c59a8844600,Katie Sanderson,2026-07-24T15:53:22+01:00
unkind_en_gb,unkind,D4_MOR_BASE_WORDS_IDENTIFY_BASE,kind_base_family,authentic_target,,not kind; not caring or helpful to others,reviewed_override,7973d41e4caeac5e2df5f8b74212b2b2fc55c718e552d9777080db8876f6554e,df5ff9cadf719593da9fb0c012c65f14d946faef472d59ace8fd6c59a8844600,Katie Sanderson,2026-07-24T15:53:22+01:00
knife_en_gb,knife,D4_MOR_BASE_WORDS_IDENTIFY_BASE,knife_base_family,base,,a tool with a sharp blade for cutting,reviewed_source,b864c3393cfde2fe5ca7868fc9c4b51dfcc8bf78f2e20a11b54667129939b19d,df5ff9cadf719593da9fb0c012c65f14d946faef472d59ace8fd6c59a8844600,Katie Sanderson,2026-07-24T15:53:22+01:00
knives_en_gb,knives,D4_MOR_BASE_WORDS_IDENTIFY_BASE,knife_base_family,authentic_target,,more than one knife,reviewed_source,726d980e20dbf163790373fc0b0e9d91a039331534de76906dbe57dfc9851d35,df5ff9cadf719593da9fb0c012c65f14d946faef472d59ace8fd6c59a8844600,Katie Sanderson,2026-07-24T15:53:22+01:00
large_larger_largest_en_gb,large_larger_largest,D4_MOR_BASE_WORDS_IDENTIFY_BASE,large_base_family,base,,large in size,reviewed_source,451909620b9b9d21054518bfe56d21626b168b3388740b18a51240f632e9c2e3,df5ff9cadf719593da9fb0c012c65f14d946faef472d59ace8fd6c59a8844600,Katie Sanderson,2026-07-24T15:53:22+01:00
larger_en_gb,larger,D4_MOR_BASE_WORDS_IDENTIFY_BASE,large_base_family,authentic_target,,more large in size,reviewed_source,d943019abca9cf7af119b51c26b830c891f3cc8674d2354a1dac0b6cee2540f2,df5ff9cadf719593da9fb0c012c65f14d946faef472d59ace8fd6c59a8844600,Katie Sanderson,2026-07-24T15:53:22+01:00
largest_en_gb,largest,D4_MOR_BASE_WORDS_IDENTIFY_BASE,large_base_family,authentic_target,,most large in size,reviewed_source,dba12ef7df67538c0100368528587395c78740b75ec74f0226d77afe50a922c6,df5ff9cadf719593da9fb0c012c65f14d946faef472d59ace8fd6c59a8844600,Katie Sanderson,2026-07-24T15:53:22+01:00
late_en_gb,late,D4_MOR_BASE_WORDS_IDENTIFY_BASE,late_base_family,base,,after the expected or usual time,reviewed_source,d4ca162f59d44c4c494403db397379f5e73431100395cb67c77fc359fb67c6bd,df5ff9cadf719593da9fb0c012c65f14d946faef472d59ace8fd6c59a8844600,Katie Sanderson,2026-07-24T15:53:22+01:00
later_en_gb,later,D4_MOR_BASE_WORDS_IDENTIFY_BASE,late_base_family,authentic_target,,after a particular time,reviewed_source,60b9efa6c355905dbdc6d7b8c06d11b7b1ac6f5115b6b7787eff2b96285422d4,df5ff9cadf719593da9fb0c012c65f14d946faef472d59ace8fd6c59a8844600,Katie Sanderson,2026-07-24T15:53:22+01:00
latest_en_gb,latest,D4_MOR_BASE_WORDS_IDENTIFY_BASE,late_base_family,authentic_target,,most recent,reviewed_source,5e4de2a763250c1a2fe77752236e00498f206469b6c8019dda6fdd830016729f,df5ff9cadf719593da9fb0c012c65f14d946faef472d59ace8fd6c59a8844600,Katie Sanderson,2026-07-24T15:53:22+01:00
laugh_en_gb,laugh,D4_MOR_BASE_WORDS_IDENTIFY_BASE,laugh_base_family,base,,to make a happy sound because something is funny,reviewed_source,95a36369622cbd74005493fbcc40c694afa81eb56d27d4bb0bd2abc0171bae0e,df5ff9cadf719593da9fb0c012c65f14d946faef472d59ace8fd6c59a8844600,Katie Sanderson,2026-07-24T15:53:22+01:00
laughed_en_gb,laughed,D4_MOR_BASE_WORDS_IDENTIFY_BASE,laugh_base_family,authentic_target,,made a happy sound because something was funny earlier,generated_and_reviewed,a326867b929a76d29040b9ed652ca5fb8d0120cbcf30a298b89a2994e8a67c08,df5ff9cadf719593da9fb0c012c65f14d946faef472d59ace8fd6c59a8844600,Katie Sanderson,2026-07-24T15:53:22+01:00
lie_en_gb,lie,D4_MOR_BASE_WORDS_IDENTIFY_BASE,lie_base_family,base,,to rest flat,reviewed_source,5bd03abed59aeef2eb1479c505e19fd49a344e0f57deabe05bef8afd51b2022f,df5ff9cadf719593da9fb0c012c65f14d946faef472d59ace8fd6c59a8844600,Katie Sanderson,2026-07-24T15:53:22+01:00
lying_en_gb,lying,D4_MOR_BASE_WORDS_IDENTIFY_BASE,lie_base_family,authentic_target,,resting flat,reviewed_source,51f02ce06c729bda03e8dbe92fc1b84b507855fc33175019435ed23e125d11a2,df5ff9cadf719593da9fb0c012c65f14d946faef472d59ace8fd6c59a8844600,Katie Sanderson,2026-07-24T15:53:22+01:00
dislike_en_gb,dislike,D4_MOR_BASE_WORDS_IDENTIFY_BASE,like_base_family,authentic_target,,to not like something,reviewed_override,eef260b567b8f7a801df1da6ce6c2c5e7d318a5941d36fa3364037af27f7923c,df5ff9cadf719593da9fb0c012c65f14d946faef472d59ace8fd6c59a8844600,Katie Sanderson,2026-07-24T15:53:22+01:00
like_en_gb,like,D4_MOR_BASE_WORDS_IDENTIFY_BASE,like_base_family,base,,to find something pleasant,reviewed_source,41543a0fba5042d520e6ea7d8cae36b112505c3b2d884b3458b7370c8baeadec,df5ff9cadf719593da9fb0c012c65f14d946faef472d59ace8fd6c59a8844600,Katie Sanderson,2026-07-24T15:53:22+01:00
liked_en_gb,liked,D4_MOR_BASE_WORDS_IDENTIFY_BASE,like_base_family,authentic_target,,found something pleasant earlier,generated_and_reviewed,70fdcb16f4c2bc47f8484287b9f4adafee936dd77ae4b297fa62bf36e053b190,df5ff9cadf719593da9fb0c012c65f14d946faef472d59ace8fd6c59a8844600,Katie Sanderson,2026-07-24T15:53:22+01:00
look_en_gb,look,D4_MOR_BASE_WORDS_IDENTIFY_BASE,look_base_family,base,,to direct your eyes towards something,reviewed_source,8eb89467c00328458c1dc74e7e529d56ca8649e30eed056e7ae4d06b4f745985,df5ff9cadf719593da9fb0c012c65f14d946faef472d59ace8fd6c59a8844600,Katie Sanderson,2026-07-24T15:53:22+01:00
looked_en_gb,looked,D4_MOR_BASE_WORDS_IDENTIFY_BASE,look_base_family,authentic_target,,directed your eyes towards something earlier,generated_and_reviewed,631120788e90049dc9e5e4d59bfc0530f0ce7e4acdeb4c3d0a12595575f60ada,df5ff9cadf719593da9fb0c012c65f14d946faef472d59ace8fd6c59a8844600,Katie Sanderson,2026-07-24T15:53:22+01:00
looking_en_gb,looking,D4_MOR_BASE_WORDS_IDENTIFY_BASE,look_base_family,authentic_target,,directing your eyes towards something right now,generated_and_reviewed,1129f97e4de962ddec54a587de5ebfb14c8c76835b9a2afdca20766eafbecbcc,df5ff9cadf719593da9fb0c012c65f14d946faef472d59ace8fd6c59a8844600,Katie Sanderson,2026-07-24T15:53:22+01:00
magic_en_gb,magic,D4_MOR_BASE_WORDS_IDENTIFY_BASE,magic_base_family,base,,special power that seems impossible or mysterious,reviewed_source,687223af4d1d469b6c163681719620425b3122f0d775ff26ddc9bb6b92aa4108,df5ff9cadf719593da9fb0c012c65f14d946faef472d59ace8fd6c59a8844600,Katie Sanderson,2026-07-24T15:53:22+01:00
magician_en_gb,magician,D4_MOR_BASE_WORDS_IDENTIFY_BASE,magic_base_family,authentic_target,,a person who performs magic tricks,reviewed_override,06b2b137b25b6ab024449aed7914384a82d1e96a1ca6331a745344df5e564cb4,df5ff9cadf719593da9fb0c012c65f14d946faef472d59ace8fd6c59a8844600,Katie Sanderson,2026-07-24T15:53:22+01:00
made_en_gb,made,D4_MOR_BASE_WORDS_IDENTIFY_BASE,make_base_family,authentic_target,,created or produced something,reviewed_source,bd73833dad1c96f0bf54c486e6ddca30e6b2b9b4b51f35c880e6646baf2587a0,df5ff9cadf719593da9fb0c012c65f14d946faef472d59ace8fd6c59a8844600,Katie Sanderson,2026-07-24T15:53:22+01:00
make_en_gb,make,D4_MOR_BASE_WORDS_IDENTIFY_BASE,make_base_family,base,,to create or produce something,reviewed_source,7e4912ca1c9a699367670a6b5c33a32f79f82dcce55005f46ded38351274702b,df5ff9cadf719593da9fb0c012c65f14d946faef472d59ace8fd6c59a8844600,Katie Sanderson,2026-07-24T15:53:22+01:00
making_en_gb,making,D4_MOR_BASE_WORDS_IDENTIFY_BASE,make_base_family,authentic_target,,creating or producing something right now,generated_and_reviewed,3213ddd4e97c814eca5afa29f27e17a360740fe74ae797786157b3aa5321090a,df5ff9cadf719593da9fb0c012c65f14d946faef472d59ace8fd6c59a8844600,Katie Sanderson,2026-07-24T15:53:22+01:00
map_en_gb,map,D4_MOR_BASE_WORDS_IDENTIFY_BASE,map_base_family,base,,a drawing that shows where places are,reviewed_source,b89fa126624967f67ff10d1ea859c97d751845b53d004e3f3f9f95df38bd6401,df5ff9cadf719593da9fb0c012c65f14d946faef472d59ace8fd6c59a8844600,Katie Sanderson,2026-07-24T15:53:22+01:00
mapped_en_gb,mapped,D4_MOR_BASE_WORDS_IDENTIFY_BASE,map_base_family,authentic_target,,shown on a map earlier,generated_and_reviewed,44222e7bb01ede20681a8b88893bd9febe240a45a6e1f8310a474e1dd066e779,df5ff9cadf719593da9fb0c012c65f14d946faef472d59ace8fd6c59a8844600,Katie Sanderson,2026-07-24T15:53:22+01:00
natural_en_gb,natural,D4_MOR_BASE_WORDS_IDENTIFY_BASE,nature_base_family,authentic_target,,found in nature; not made by people,reviewed_source,ebd1057cfb47567781d086778aab8b1b970dfd25b77f2490f781d0128ae8bffc,df5ff9cadf719593da9fb0c012c65f14d946faef472d59ace8fd6c59a8844600,Katie Sanderson,2026-07-24T15:53:22+01:00
nature_en_gb,nature,D4_MOR_BASE_WORDS_IDENTIFY_BASE,nature_base_family,base,,"plants, animals, and the natural world",reviewed_source,9b8a5a906c1be61c2cdaaba13624882a7e2b060fe6747e21ffbac7a03285886d,df5ff9cadf719593da9fb0c012c65f14d946faef472d59ace8fd6c59a8844600,Katie Sanderson,2026-07-24T15:53:22+01:00
nice_en_gb,nice,D4_MOR_BASE_WORDS_IDENTIFY_BASE,nice_base_family,base,,"pleasant, kind, or friendly",reviewed_source,d111ebf6812606f0c4895f7a778cf5f612c2eb5e4405749d2b2d10e9d83337ef,df5ff9cadf719593da9fb0c012c65f14d946faef472d59ace8fd6c59a8844600,Katie Sanderson,2026-07-24T15:53:22+01:00
nicer_en_gb,nicer,D4_MOR_BASE_WORDS_IDENTIFY_BASE,nice_base_family,authentic_target,,"more pleasant, kind, or friendly",reviewed_source,f022766c996d5792590cd4301b0ecff694dd243ed380d380d80b0f2c4a61055e,df5ff9cadf719593da9fb0c012c65f14d946faef472d59ace8fd6c59a8844600,Katie Sanderson,2026-07-24T15:53:22+01:00
nicest_en_gb,nicest,D4_MOR_BASE_WORDS_IDENTIFY_BASE,nice_base_family,authentic_target,,"most pleasant, kind, or friendly",reviewed_source,ec98a644ffc89af274f3ee433e7433fbc36949291527374d428ea5848cd49e92,df5ff9cadf719593da9fb0c012c65f14d946faef472d59ace8fd6c59a8844600,Katie Sanderson,2026-07-24T15:53:22+01:00
one_en_gb,one,D4_MOR_BASE_WORDS_IDENTIFY_BASE,one_base_family,base,,the number 1,reviewed_source,410c36dade4f9ba972b4f49a286cebe8cc65d44974cdc80594d03e2b7876b275,df5ff9cadf719593da9fb0c012c65f14d946faef472d59ace8fd6c59a8844600,Katie Sanderson,2026-07-24T15:53:22+01:00
twenty_one_en_gb,twenty-one,D4_MOR_BASE_WORDS_IDENTIFY_BASE,one_base_family,authentic_target,,twenty and one more: the number 21,reviewed_override,986e21d9c63c2838ac91f4d2dfd37f2996aaa75ad92e34b21277e57ff7482b54,df5ff9cadf719593da9fb0c012c65f14d946faef472d59ace8fd6c59a8844600,Katie Sanderson,2026-07-24T15:53:22+01:00
person_en_gb,person,D4_MOR_BASE_WORDS_IDENTIFY_BASE,person_base_family,base,,one human being,reviewed_source,c2b32e0d3708e3fc3ddd855eb7f7e31cd40828b99e4b1115c217955e420683e9,df5ff9cadf719593da9fb0c012c65f14d946faef472d59ace8fd6c59a8844600,Katie Sanderson,2026-07-24T15:53:22+01:00
personal_en_gb,personal,D4_MOR_BASE_WORDS_IDENTIFY_BASE,person_base_family,authentic_target,,belonging to or about one particular person,reviewed_source,d7f17f76015860068cd1f9cd7de82ab395c043e37bd5a021213a2be8dd6a793f,df5ff9cadf719593da9fb0c012c65f14d946faef472d59ace8fd6c59a8844600,Katie Sanderson,2026-07-24T15:53:22+01:00
photo_en_gb,photo,D4_MOR_BASE_WORDS_IDENTIFY_BASE,photo_base_family,base,,a picture made with a camera,reviewed_source,ff0da5c507b509aa94c8257100b343a08098c44e71de46644351f5cbcecd58b2,df5ff9cadf719593da9fb0c012c65f14d946faef472d59ace8fd6c59a8844600,Katie Sanderson,2026-07-24T15:53:22+01:00
photograph_en_gb,photograph,D4_MOR_BASE_WORDS_IDENTIFY_BASE,photo_base_family,authentic_target,,a picture made using light and a camera,reviewed_override,5e9838b51885028614154ba3acf555bccfe68a0a08611af361fb9b27c7589ca0,df5ff9cadf719593da9fb0c012c65f14d946faef472d59ace8fd6c59a8844600,Katie Sanderson,2026-07-24T15:53:22+01:00
photography_en_gb,photography,D4_MOR_BASE_WORDS_IDENTIFY_BASE,photo_base_family,authentic_target,,the art of making pictures using light and a camera,reviewed_override,3b6f7d49aae09f515aa2cab6048ca1fdef64f3b3d302ffa7f85e28b466ab9a75,df5ff9cadf719593da9fb0c012c65f14d946faef472d59ace8fd6c59a8844600,Katie Sanderson,2026-07-24T15:53:22+01:00
plan_en_gb,plan,D4_MOR_BASE_WORDS_IDENTIFY_BASE,plan_base_family,base,,to decide what you will do,reviewed_source,e0da6ef26c751942ea49547f2fafca85b63109e1cb901cc568b9170d253a5523,df5ff9cadf719593da9fb0c012c65f14d946faef472d59ace8fd6c59a8844600,Katie Sanderson,2026-07-24T15:53:22+01:00
planned_en_gb,planned,D4_MOR_BASE_WORDS_IDENTIFY_BASE,plan_base_family,authentic_target,,decided what you would do earlier,generated_and_reviewed,fc59c3aa7d9f1c407867955ddc1d0b5da81967a1c8b96b794eca552dfa604294,df5ff9cadf719593da9fb0c012c65f14d946faef472d59ace8fd6c59a8844600,Katie Sanderson,2026-07-24T15:53:22+01:00
play_en_gb,play,D4_MOR_BASE_WORDS_PRESERVE_BASE,play_base_family,base,,to take part in a game or have fun,reviewed_source,3da491eb67c8ead70b3b511ff0ccb8f0153c12c3fd0d653979d3c1e2c7216ddb,df5ff9cadf719593da9fb0c012c65f14d946faef472d59ace8fd6c59a8844600,Katie Sanderson,2026-07-24T15:53:22+01:00
played_en_gb,played,D4_MOR_BASE_WORDS_PRESERVE_BASE,play_base_family,authentic_target,,took part in a game or had fun earlier,generated_and_reviewed,5b4628ee864e4ae9611613a81968d816dfb202e52ae67fa7eb59c7adeaab6911,df5ff9cadf719593da9fb0c012c65f14d946faef472d59ace8fd6c59a8844600,Katie Sanderson,2026-07-24T15:53:22+01:00
player_en_gb,player,D4_MOR_BASE_WORDS_PRESERVE_BASE,play_base_family,authentic_target,,a person who plays a game,reviewed_override,ea1f2c5a831dd6246adb80d9bb2fc72ead26d47c92f814d35943e9e4489d22a5,df5ff9cadf719593da9fb0c012c65f14d946faef472d59ace8fd6c59a8844600,Katie Sanderson,2026-07-24T15:53:22+01:00
playing_en_gb,playing,D4_MOR_BASE_WORDS_PRESERVE_BASE,play_base_family,transfer,,taking part in a game or having fun right now,generated_and_reviewed,58c5e288b5bdf6482882ce3aa9f2a1bf83e1d82ca21cfb71c06ca1dfd520c4b2,df5ff9cadf719593da9fb0c012c65f14d946faef472d59ace8fd6c59a8844600,Katie Sanderson,2026-07-24T15:53:22+01:00
plays_en_gb,plays,D4_MOR_BASE_WORDS_PRESERVE_BASE,play_base_family,transfer,,takes part in a game or has fun,reviewed_source,87861ab95cf26aa3f03d4114522024a2d54a62ae177c5aabd888e2e9a1d533f8,df5ff9cadf719593da9fb0c012c65f14d946faef472d59ace8fd6c59a8844600,Katie Sanderson,2026-07-24T15:53:22+01:00
replay_en_gb,replay,D4_MOR_BASE_WORDS_PRESERVE_BASE,play_base_family,transfer,,to play again,reviewed_override,e92e8ae7ca869e7341f1b098e620bd81465782c18027994d7413f27a831e3666,df5ff9cadf719593da9fb0c012c65f14d946faef472d59ace8fd6c59a8844600,Katie Sanderson,2026-07-24T15:53:22+01:00
replayed_en_gb,replayed,D4_MOR_BASE_WORDS_PRESERVE_BASE,play_base_family,transfer,,played again,reviewed_override,64e51c69520b475b5e7c82aa1ff37c9b6d4301db420a4582fe1ecdd963ebce19,df5ff9cadf719593da9fb0c012c65f14d946faef472d59ace8fd6c59a8844600,Katie Sanderson,2026-07-24T15:53:22+01:00
port_en_gb,port,D4_MOR_BASE_WORDS_IDENTIFY_BASE,port_base_family,base,,a place where ships load and unload,reviewed_source,663e7a465108215db7f03d92a683421ed3c315d8730c3ac076a0dd325c24d68f,df5ff9cadf719593da9fb0c012c65f14d946faef472d59ace8fd6c59a8844600,Katie Sanderson,2026-07-24T15:53:22+01:00
transport_en_gb,transport,D4_MOR_BASE_WORDS_IDENTIFY_BASE,port_base_family,authentic_target,,to carry people or things across or from one place to another,reviewed_override,8fd7c5463f064b46e75e3c8e9bf4443995e33aecd098ebbda9eb229552cc0aed,df5ff9cadf719593da9fb0c012c65f14d946faef472d59ace8fd6c59a8844600,Katie Sanderson,2026-07-24T15:53:22+01:00
impossible_en_gb,impossible,D4_MOR_BASE_WORDS_IDENTIFY_BASE,possible_base_family,authentic_target,,not possible; not able to happen or be done,reviewed_override,954ac3b7c90d1913b4f9f8cd18270bf9aef25667155a2ffabfbab33d7eebabdf,df5ff9cadf719593da9fb0c012c65f14d946faef472d59ace8fd6c59a8844600,Katie Sanderson,2026-07-24T15:53:22+01:00
possibility_en_gb,possibility,D4_MOR_BASE_WORDS_IDENTIFY_BASE,possible_base_family,authentic_target,,something that may happen or be true,reviewed_source,8ff6e406b6d26f3b4b509ca355768744977c746826b770231e57d7e8fce0a4ad,df5ff9cadf719593da9fb0c012c65f14d946faef472d59ace8fd6c59a8844600,Katie Sanderson,2026-07-24T15:53:22+01:00
possible_en_gb,possible,D4_MOR_BASE_WORDS_IDENTIFY_BASE,possible_base_family,base,,able to happen or be done,reviewed_source,a88c7babe856175785341309cbcb72919836ca595f704054ad1324207245e35d,df5ff9cadf719593da9fb0c012c65f14d946faef472d59ace8fd6c59a8844600,Katie Sanderson,2026-07-24T15:53:22+01:00
quick_en_gb,quick,D4_MOR_BASE_WORDS_IDENTIFY_BASE,quick_base_family,base,,happening in a short time,reviewed_source,f89c182423d7b6ed049b4377ff6daeb6762359644fd4139870daa61dbe1d1c74,df5ff9cadf719593da9fb0c012c65f14d946faef472d59ace8fd6c59a8844600,Katie Sanderson,2026-07-24T15:53:22+01:00
quickest_en_gb,quickest,D4_MOR_BASE_WORDS_IDENTIFY_BASE,quick_base_family,authentic_target,,happening in the shortest time,reviewed_source,c7c87d29abb501ad3d55230fbd119d7c4acf131aa32e9fcd4b88cbd825a4e1a5,df5ff9cadf719593da9fb0c012c65f14d946faef472d59ace8fd6c59a8844600,Katie Sanderson,2026-07-24T15:53:22+01:00
quickly_en_gb,quickly,D4_MOR_BASE_WORDS_IDENTIFY_BASE,quick_base_family,authentic_target,,in a quick way,reviewed_override,fb7dab7d2de78b42d8795c0e32d37371f7524db4b317e6cbb5e2cb84cba9ec4c,df5ff9cadf719593da9fb0c012c65f14d946faef472d59ace8fd6c59a8844600,Katie Sanderson,2026-07-24T15:53:22+01:00
misread_en_gb,misread,D4_MOR_BASE_WORDS_IDENTIFY_BASE,read_base_family,authentic_target,,to read something wrongly,reviewed_override,de146519c81a0d38c2a56dd005e97a5bdad62cd2b4b47b9f8fd5691e2206b9e7,df5ff9cadf719593da9fb0c012c65f14d946faef472d59ace8fd6c59a8844600,Katie Sanderson,2026-07-24T15:53:22+01:00
read_en_gb,read,D4_MOR_BASE_WORDS_IDENTIFY_BASE,read_base_family,base,,to look at and understand written words,reviewed_source,2c753ae44a85ba1c310fd0555c859ef7c0fc9894bdf445b81360353f35a35157,df5ff9cadf719593da9fb0c012c65f14d946faef472d59ace8fd6c59a8844600,Katie Sanderson,2026-07-24T15:53:22+01:00
readable_en_gb,readable,D4_MOR_BASE_WORDS_IDENTIFY_BASE,read_base_family,authentic_target,,easy enough to read,reviewed_source,2d77d884e1f1e9c78803faa5bdea7f599bbb5a6f67c84328e584ac9a44c7b17c,df5ff9cadf719593da9fb0c012c65f14d946faef472d59ace8fd6c59a8844600,Katie Sanderson,2026-07-24T15:53:22+01:00
reading_en_gb,reading,D4_MOR_BASE_WORDS_IDENTIFY_BASE,read_base_family,transfer,,looking at and understanding written words right now,generated_and_reviewed,c8fcc6001d3eab7b3065659e5a81376cc10d85d66562683d922f1e697bcefdc5,df5ff9cadf719593da9fb0c012c65f14d946faef472d59ace8fd6c59a8844600,Katie Sanderson,2026-07-24T15:53:22+01:00
reads_en_gb,reads,D4_MOR_BASE_WORDS_IDENTIFY_BASE,read_base_family,transfer,,looks at and understands written words,reviewed_source,eb9c8df080395a290a524297657013d38195fec2f2c3f7210399491eb7bfd6d6,df5ff9cadf719593da9fb0c012c65f14d946faef472d59ace8fd6c59a8844600,Katie Sanderson,2026-07-24T15:53:22+01:00
run_en_gb,run,D4_MOR_BASE_WORDS_IDENTIFY_BASE,run_base_family,base,,to move quickly on your feet,reviewed_source,9a84a0ba20a3b2b7b61733eb9da5f96b1cd68a02fa0b141e44405e1ad059f04a,df5ff9cadf719593da9fb0c012c65f14d946faef472d59ace8fd6c59a8844600,Katie Sanderson,2026-07-24T15:53:22+01:00
runner_en_gb,runner,D4_MOR_BASE_WORDS_IDENTIFY_BASE,run_base_family,authentic_target,,a person who runs,reviewed_override,6d2c9e181443d72b6e217c062d0faa223c8c6249b199f450787fbf0b23d8391f,df5ff9cadf719593da9fb0c012c65f14d946faef472d59ace8fd6c59a8844600,Katie Sanderson,2026-07-24T15:53:22+01:00
running_en_gb,running,D4_MOR_BASE_WORDS_IDENTIFY_BASE,run_base_family,authentic_target,,moving quickly on your feet right now,generated_and_reviewed,8989a3aaffb8666dc559f201cdd80afd6ca168796698fa62ecd51b161414315f,df5ff9cadf719593da9fb0c012c65f14d946faef472d59ace8fd6c59a8844600,Katie Sanderson,2026-07-24T15:53:22+01:00
runs_en_gb,runs,D4_MOR_BASE_WORDS_IDENTIFY_BASE,run_base_family,transfer,,moves quickly on their feet,reviewed_source,05b864ee53e85b025d4c7f5525a14e031a9b10070930ced91752ac7d3cd203db,df5ff9cadf719593da9fb0c012c65f14d946faef472d59ace8fd6c59a8844600,Katie Sanderson,2026-07-24T15:53:22+01:00
sad_en_gb,sad,D4_MOR_BASE_WORDS_IDENTIFY_BASE,sad_base_family,base,,feeling unhappy,reviewed_source,c8598ec807def6729c32db323dd28d412a47a4db651ff85fa3bb7c4594968e16,df5ff9cadf719593da9fb0c012c65f14d946faef472d59ace8fd6c59a8844600,Katie Sanderson,2026-07-24T15:53:22+01:00
sadder_en_gb,sadder,D4_MOR_BASE_WORDS_IDENTIFY_BASE,sad_base_family,authentic_target,,feeling more unhappy,reviewed_source,dffbf71809bacbe02ee349557976cdc8a689c0954d70ecb4821c8602d714d306,df5ff9cadf719593da9fb0c012c65f14d946faef472d59ace8fd6c59a8844600,Katie Sanderson,2026-07-24T15:53:22+01:00
saddest_en_gb,saddest,D4_MOR_BASE_WORDS_IDENTIFY_BASE,sad_base_family,authentic_target,,feeling most unhappy,reviewed_source,7c3a785722dd00eb44e8bd14751838330ff274d313016d149139a15c9f6427ee,df5ff9cadf719593da9fb0c012c65f14d946faef472d59ace8fd6c59a8844600,Katie Sanderson,2026-07-24T15:53:22+01:00
sadly_en_gb,sadly,D4_MOR_BASE_WORDS_IDENTIFY_BASE,sad_base_family,transfer,,in a sad way,reviewed_override,ffb56623af7fae44e35b0ea5675b00c71c76ca491a8adb8949823999b99debf0,df5ff9cadf719593da9fb0c012c65f14d946faef472d59ace8fd6c59a8844600,Katie Sanderson,2026-07-24T15:53:22+01:00
sadness_en_gb,sadness,D4_MOR_BASE_WORDS_IDENTIFY_BASE,sad_base_family,transfer,,the state of being sad,reviewed_override,441e8382bb3a15a3a0b2b49d65c26b315f44bb7314367147b17a0a79d85abccd,df5ff9cadf719593da9fb0c012c65f14d946faef472d59ace8fd6c59a8844600,Katie Sanderson,2026-07-24T15:53:22+01:00
sign_en_gb,sign,D4_MOR_BASE_WORDS_IDENTIFY_BASE,sign_base_family,base,,a notice that gives information,reviewed_source,964a070107575aa619f657cf0228f5459481b536c1c7c8eb56c814ad10c1b8b7,df5ff9cadf719593da9fb0c012c65f14d946faef472d59ace8fd6c59a8844600,Katie Sanderson,2026-07-24T15:53:22+01:00
signal_en_gb,signal,D4_MOR_BASE_WORDS_IDENTIFY_BASE,sign_base_family,authentic_target,,an action or sign that gives a message,reviewed_source,e19f6013cdc777aab09c4a39879f8e4a04fcf4dd203fb4168e7dcf59d97574de,df5ff9cadf719593da9fb0c012c65f14d946faef472d59ace8fd6c59a8844600,Katie Sanderson,2026-07-24T15:53:22+01:00
signature_en_gb,signature,D4_MOR_BASE_WORDS_IDENTIFY_BASE,sign_base_family,authentic_target,,a person's name written by themselves,reviewed_source,bedc1e74f4106183d0687bd4dd1605a313e398a43381779e40e1849366da8b41,df5ff9cadf719593da9fb0c012c65f14d946faef472d59ace8fd6c59a8844600,Katie Sanderson,2026-07-24T15:53:22+01:00
sit_en_gb,sit,D4_MOR_BASE_WORDS_IDENTIFY_BASE,sit_base_family,base,,to rest on a chair or seat,reviewed_source,f41b5da187de047284e5ed742d71bd98919b78a73332b79002699e6d485d415c,df5ff9cadf719593da9fb0c012c65f14d946faef472d59ace8fd6c59a8844600,Katie Sanderson,2026-07-24T15:53:22+01:00
sitting_en_gb,sitting,D4_MOR_BASE_WORDS_IDENTIFY_BASE,sit_base_family,authentic_target,,resting on a chair or seat right now,generated_and_reviewed,f0c390eedf61e0d4750d68c581aeab660be94b08a90a50f3f0bf4294103e4b00,df5ff9cadf719593da9fb0c012c65f14d946faef472d59ace8fd6c59a8844600,Katie Sanderson,2026-07-24T15:53:22+01:00
small_smaller_smallest_en_gb,small_smaller_smallest,D4_MOR_BASE_WORDS_IDENTIFY_BASE,small_base_family,base,,small in size,reviewed_source,39fc299096e30d60bc2779151d76966c445f183a4ff28c420deed60fb5b0ee01,df5ff9cadf719593da9fb0c012c65f14d946faef472d59ace8fd6c59a8844600,Katie Sanderson,2026-07-24T15:53:22+01:00
smaller_en_gb,smaller,D4_MOR_BASE_WORDS_IDENTIFY_BASE,small_base_family,authentic_target,,less large in size,reviewed_source,fab3b8e2f42999438f86105db9eab433ec24a5b96a7f2b396a334f683622e9fd,df5ff9cadf719593da9fb0c012c65f14d946faef472d59ace8fd6c59a8844600,Katie Sanderson,2026-07-24T15:53:22+01:00
smallest_en_gb,smallest,D4_MOR_BASE_WORDS_IDENTIFY_BASE,small_base_family,authentic_target,,least large in size,reviewed_source,98294bf2ef921e4a5b5ee76cca864f1f666b067e9f8cd6f511ee153e1621c8e7,df5ff9cadf719593da9fb0c012c65f14d946faef472d59ace8fd6c59a8844600,Katie Sanderson,2026-07-24T15:53:22+01:00
smile_en_gb,smile,D4_MOR_BASE_WORDS_IDENTIFY_BASE,smile_base_family,base,,to make a happy expression with your face,reviewed_source,2749000d0f2e3ab7c2ea826b1ebad2917548fee3a5b00356c97ee9df63c7bfad,df5ff9cadf719593da9fb0c012c65f14d946faef472d59ace8fd6c59a8844600,Katie Sanderson,2026-07-24T15:53:22+01:00
smiled_en_gb,smiled,D4_MOR_BASE_WORDS_IDENTIFY_BASE,smile_base_family,authentic_target,,made a happy expression with your face earlier,generated_and_reviewed,2c03546a0649846803fd253faf509910f4fe87bebcf67b6aae7abb9bf61377ef,df5ff9cadf719593da9fb0c012c65f14d946faef472d59ace8fd6c59a8844600,Katie Sanderson,2026-07-24T15:53:22+01:00
smiling_en_gb,smiling,D4_MOR_BASE_WORDS_IDENTIFY_BASE,smile_base_family,authentic_target,,making a happy expression with your face right now,generated_and_reviewed,872839b24d262243eefc13315d2f20682f25b67734132a8a5c0284bce34ad09b,df5ff9cadf719593da9fb0c012c65f14d946faef472d59ace8fd6c59a8844600,Katie Sanderson,2026-07-24T15:53:22+01:00
stop_en_gb,stop,D4_MOR_BASE_WORDS_IDENTIFY_BASE,stop_base_family,base,,to no longer move or continue,reviewed_source,75864240194a0d002826722d04ce78462739b2569b75862a2ed6f63dc1d38384,df5ff9cadf719593da9fb0c012c65f14d946faef472d59ace8fd6c59a8844600,Katie Sanderson,2026-07-24T15:53:22+01:00
stopped_en_gb,stopped,D4_MOR_BASE_WORDS_IDENTIFY_BASE,stop_base_family,authentic_target,,no longer moved or continued earlier,generated_and_reviewed,6070d33e154a2b0edf0a1059c7e6f5444e0e3ff9613ea8266a727bf4a3238fb7,df5ff9cadf719593da9fb0c012c65f14d946faef472d59ace8fd6c59a8844600,Katie Sanderson,2026-07-24T15:53:22+01:00
stopping_en_gb,stopping,D4_MOR_BASE_WORDS_IDENTIFY_BASE,stop_base_family,authentic_target,,no longer moving or continuing right now,generated_and_reviewed,7d1ecc3f23e728d94b94cd66832bf85e95e1a0a0c1d057020307b6546929c671,df5ff9cadf719593da9fb0c012c65f14d946faef472d59ace8fd6c59a8844600,Katie Sanderson,2026-07-24T15:53:22+01:00
stories_en_gb,stories,D4_MOR_BASE_WORDS_IDENTIFY_BASE,story_base_family,authentic_target,change_final_y_to_i,more than one story,reviewed_source,63355776f302dd0e65bfd182a841db915b734eea40a8aad4c9f90c637480b8d4,df5ff9cadf719593da9fb0c012c65f14d946faef472d59ace8fd6c59a8844600,Katie Sanderson,2026-07-24T15:53:22+01:00
story_en_gb,story,D4_MOR_BASE_WORDS_IDENTIFY_BASE,story_base_family,base,,"an account of events, real or imagined",reviewed_source,a55bfd746e526124929fa4480fcad41f629b87718b9546200bd5e3e7421dd05f,df5ff9cadf719593da9fb0c012c65f14d946faef472d59ace8fd6c59a8844600,Katie Sanderson,2026-07-24T15:53:22+01:00
sun_en_gb,sun,D4_MOR_BASE_WORDS_IDENTIFY_BASE,sun_base_family,base,,the star that gives Earth light and heat,reviewed_source,24dec6c3bc624abb0f20b26ec1e7c85585d78e27938edf07752619872786158b,df5ff9cadf719593da9fb0c012c65f14d946faef472d59ace8fd6c59a8844600,Katie Sanderson,2026-07-24T15:53:22+01:00
swim_en_gb,swim,D4_MOR_BASE_WORDS_IDENTIFY_BASE,swim_base_family,base,,to move through water,reviewed_source,2876fd076bfed43f5a36c069f7bb1e2d612a690d8e5b6ff7cefa9833f933eaa5,df5ff9cadf719593da9fb0c012c65f14d946faef472d59ace8fd6c59a8844600,Katie Sanderson,2026-07-24T15:53:22+01:00
swimming_en_gb,swimming,D4_MOR_BASE_WORDS_IDENTIFY_BASE,swim_base_family,authentic_target,,moving through water right now,generated_and_reviewed,7eb124b74e7c743ffe72530e166c63d2ef5dfc0281bcff3564fc160d842a9724,df5ff9cadf719593da9fb0c012c65f14d946faef472d59ace8fd6c59a8844600,Katie Sanderson,2026-07-24T15:53:22+01:00
mistake_en_gb,mistake,D4_MOR_BASE_WORDS_IDENTIFY_BASE,take_base_family,authentic_target,,something done wrongly,reviewed_override,8731bd30679448f20256402ff7fc5fb0a4ea4cc60b0012450a7ddcf171563a3c,df5ff9cadf719593da9fb0c012c65f14d946faef472d59ace8fd6c59a8844600,Katie Sanderson,2026-07-24T15:53:22+01:00
take_en_gb,take,D4_MOR_BASE_WORDS_IDENTIFY_BASE,take_base_family,base,,to carry or move something with you,reviewed_source,ef5994aba4cbe94aa378f4370eccd7a255ce7ccf7b02a33b656424d3729d18b2,df5ff9cadf719593da9fb0c012c65f14d946faef472d59ace8fd6c59a8844600,Katie Sanderson,2026-07-24T15:53:22+01:00
tall_en_gb,tall,D4_MOR_BASE_WORDS_IDENTIFY_BASE,tall_base_family,base,,having a greater than usual height,reviewed_source,cc8bc2f065b43b6f1aae96d45e46483cacc30297e7616083a48ebe2987fd96c1,df5ff9cadf719593da9fb0c012c65f14d946faef472d59ace8fd6c59a8844600,Katie Sanderson,2026-07-24T15:53:22+01:00
taller_en_gb,taller,D4_MOR_BASE_WORDS_IDENTIFY_BASE,tall_base_family,authentic_target,,having greater height,reviewed_source,aaf3491c2d1bb82f0befaaec6885739f83716c4bcaa21668cbe3456e8d6acb22,df5ff9cadf719593da9fb0c012c65f14d946faef472d59ace8fd6c59a8844600,Katie Sanderson,2026-07-24T15:53:22+01:00
tallest_en_gb,tallest,D4_MOR_BASE_WORDS_IDENTIFY_BASE,tall_base_family,authentic_target,,having the greatest height,reviewed_source,69a58aa462d810d8338dcde992fa5d8465248dc4da14f42b15fcede07a2bdbe8,df5ff9cadf719593da9fb0c012c65f14d946faef472d59ace8fd6c59a8844600,Katie Sanderson,2026-07-24T15:53:22+01:00
thank_en_gb,thank,D4_MOR_BASE_WORDS_IDENTIFY_BASE,thank_base_family,base,,to show you are grateful,reviewed_source,a26d0c5bcfcce492179cbd10680be933cfc8ed0cef5849157562f664a0c38d31,df5ff9cadf719593da9fb0c012c65f14d946faef472d59ace8fd6c59a8844600,Katie Sanderson,2026-07-24T15:53:22+01:00
thankful_en_gb,thankful,D4_MOR_BASE_WORDS_IDENTIFY_BASE,thank_base_family,authentic_target,,full of thanks; feeling grateful,reviewed_override,b70acf0b0b69f16e64fc6003991358963c4788ef20f6d84f6049deded05af19f,df5ff9cadf719593da9fb0c012c65f14d946faef472d59ace8fd6c59a8844600,Katie Sanderson,2026-07-24T15:53:22+01:00
tie_en_gb,tie,D4_MOR_BASE_WORDS_IDENTIFY_BASE,tie_base_family,base,,to fasten something with a knot,reviewed_source,95bac4fdd1b02e4b0d0552f2512785a48f42324b17af1986055ed051217e3201,df5ff9cadf719593da9fb0c012c65f14d946faef472d59ace8fd6c59a8844600,Katie Sanderson,2026-07-24T15:53:22+01:00
tying_en_gb,tying,D4_MOR_BASE_WORDS_IDENTIFY_BASE,tie_base_family,authentic_target,,fastening something with a knot,reviewed_source,aa9337d730fdc92152b9662af47a843955e8ab2124a761c2495a940deaf34a46,df5ff9cadf719593da9fb0c012c65f14d946faef472d59ace8fd6c59a8844600,Katie Sanderson,2026-07-24T15:53:22+01:00
tried_en_gb,tried,D4_MOR_BASE_WORDS_IDENTIFY_BASE,try_base_family,authentic_target,change_final_y_to_i,made an effort to do something earlier,generated_and_reviewed,185e91e5e6f17d1c31c447a29049fc934051b7f34d17d9124138707d7812c790,df5ff9cadf719593da9fb0c012c65f14d946faef472d59ace8fd6c59a8844600,Katie Sanderson,2026-07-24T15:53:22+01:00
tries_en_gb,tries,D4_MOR_BASE_WORDS_IDENTIFY_BASE,try_base_family,authentic_target,change_final_y_to_i,makes an effort to do something,reviewed_source,ab445a8b9669ecaa99201b53a8ed231dff1bd6f50f7d3a0d4bc177116e59a468,df5ff9cadf719593da9fb0c012c65f14d946faef472d59ace8fd6c59a8844600,Katie Sanderson,2026-07-24T15:53:22+01:00
try_en_gb,try,D4_MOR_BASE_WORDS_IDENTIFY_BASE,try_base_family,base,,to make an effort to do something,reviewed_source,b2d8057e73197b1e40bb5deefa8e40b7dba5af0f960f7fd985db65a3d72a0a93,df5ff9cadf719593da9fb0c012c65f14d946faef472d59ace8fd6c59a8844600,Katie Sanderson,2026-07-24T15:53:22+01:00
use_en_gb,use,D4_MOR_BASE_WORDS_IDENTIFY_BASE,use_base_family,base,,to do something with a thing for a purpose,reviewed_source,0d530ad97252e9476439ce3bcc2e159997c4473d05972f4193d61f2fc5bf09f4,df5ff9cadf719593da9fb0c012c65f14d946faef472d59ace8fd6c59a8844600,Katie Sanderson,2026-07-24T15:53:22+01:00
useful_en_gb,useful,D4_MOR_BASE_WORDS_IDENTIFY_BASE,use_base_family,authentic_target,,able to be used to help,reviewed_override,ec0bed5ee1b28269961728801398dcc4aa11c2955df2696a7edea1630be4483e,df5ff9cadf719593da9fb0c012c65f14d946faef472d59ace8fd6c59a8844600,Katie Sanderson,2026-07-24T15:53:22+01:00
vie_en_gb,vie,D4_MOR_BASE_WORDS_IDENTIFY_BASE,vie_base_family,base,,to compete for something,reviewed_source,0b363b1cc393ce05b86f49b2f173f5cc5559440adc9f9925c98954a50e8f72d6,df5ff9cadf719593da9fb0c012c65f14d946faef472d59ace8fd6c59a8844600,Katie Sanderson,2026-07-24T15:53:22+01:00
vying_en_gb,vying,D4_MOR_BASE_WORDS_IDENTIFY_BASE,vie_base_family,authentic_target,,competing for something,reviewed_source,e64aa846d627da69d1e19ad3ce434d6cea9d2e12adff7b555127ca9421e7eac0,df5ff9cadf719593da9fb0c012c65f14d946faef472d59ace8fd6c59a8844600,Katie Sanderson,2026-07-24T15:53:22+01:00
walk_en_gb,walk,D4_MOR_BASE_WORDS_IDENTIFY_BASE,walk_base_family,base,,to move on your feet at a steady pace,reviewed_source,19793f6bf5f4b6f48052e753da6d707cbdd188c3f6b60e35785a519ed0c7fe5b,df5ff9cadf719593da9fb0c012c65f14d946faef472d59ace8fd6c59a8844600,Katie Sanderson,2026-07-24T15:53:22+01:00
walked_en_gb,walked,D4_MOR_BASE_WORDS_IDENTIFY_BASE,walk_base_family,authentic_target,,moved on your feet at a steady pace earlier,generated_and_reviewed,44d995770de13a931a85c68eb6c6abb878d7b0495732a55a6a1e9a4341f50341,df5ff9cadf719593da9fb0c012c65f14d946faef472d59ace8fd6c59a8844600,Katie Sanderson,2026-07-24T15:53:22+01:00
want_en_gb,want,D4_MOR_BASE_WORDS_IDENTIFY_BASE,want_base_family,base,,to wish for something,reviewed_source,5865e200ae368caf525c285f496ddabdb6741c1642f6c10b040f09df6a83b486,df5ff9cadf719593da9fb0c012c65f14d946faef472d59ace8fd6c59a8844600,Katie Sanderson,2026-07-24T15:53:22+01:00
wanted_en_gb,wanted,D4_MOR_BASE_WORDS_IDENTIFY_BASE,want_base_family,authentic_target,,wished for something earlier,generated_and_reviewed,3dbf0c6f9b04c7e082c85517543d948a3ebf4feb18819d48b8524073e8323925,df5ff9cadf719593da9fb0c012c65f14d946faef472d59ace8fd6c59a8844600,Katie Sanderson,2026-07-24T15:53:22+01:00
watch_en_gb,watch,D4_MOR_BASE_WORDS_IDENTIFY_BASE,watch_base_family,base,,to look at something carefully for a time,reviewed_source,ab7443e32bb99a4c598eaaea22903da8b74e04056a86dcfc5cdedaa204278375,df5ff9cadf719593da9fb0c012c65f14d946faef472d59ace8fd6c59a8844600,Katie Sanderson,2026-07-24T15:53:22+01:00
watches_en_gb,watches,D4_MOR_BASE_WORDS_IDENTIFY_BASE,watch_base_family,authentic_target,,looks at something carefully for a time,reviewed_source,6bc61b2e182232ffb6a87f62526f1e56a74c8d3848961b0184994c187b85c0db,df5ff9cadf719593da9fb0c012c65f14d946faef472d59ace8fd6c59a8844600,Katie Sanderson,2026-07-24T15:53:22+01:00
weigh_en_gb,weigh,D4_MOR_BASE_WORDS_IDENTIFY_BASE,weigh_base_family,base,,to find how heavy something is,reviewed_source,45c4c8e94d591cdac535523beb18e546ed1785859bea0ad4fd6093088822a279,df5ff9cadf719593da9fb0c012c65f14d946faef472d59ace8fd6c59a8844600,Katie Sanderson,2026-07-24T15:53:22+01:00
weight_en_gb,weight,D4_MOR_BASE_WORDS_IDENTIFY_BASE,weigh_base_family,authentic_target,,how heavy someone or something is,reviewed_source,58ffd57906e96416a4f2e893ce9216816753ead915b35147206929a686496628,df5ff9cadf719593da9fb0c012c65f14d946faef472d59ace8fd6c59a8844600,Katie Sanderson,2026-07-24T15:53:22+01:00
wish_en_gb,wish,D4_MOR_BASE_WORDS_IDENTIFY_BASE,wish_base_family,base,,to want something to happen,reviewed_source,b517b44a8acb38b5ff327e9d94559ba2f8770026aa3fdf46cead4c519a8c7677,df5ff9cadf719593da9fb0c012c65f14d946faef472d59ace8fd6c59a8844600,Katie Sanderson,2026-07-24T15:53:22+01:00
wishes_en_gb,wishes,D4_MOR_BASE_WORDS_IDENTIFY_BASE,wish_base_family,authentic_target,,wants something to happen,reviewed_source,2f9a208acdf4bdf7885434d0873ad297db632381e1febb583fa3504813473257,df5ff9cadf719593da9fb0c012c65f14d946faef472d59ace8fd6c59a8844600,Katie Sanderson,2026-07-24T15:53:22+01:00
wolf_en_gb,wolf,D4_MOR_BASE_WORDS_IDENTIFY_BASE,wolf_base_family,base,,a wild animal like a large dog,reviewed_source,9e4e0965e428ad611b6614d78f69ed34862d96b95b7771f22c482291e06892b2,df5ff9cadf719593da9fb0c012c65f14d946faef472d59ace8fd6c59a8844600,Katie Sanderson,2026-07-24T15:53:22+01:00
wolves_en_gb,wolves,D4_MOR_BASE_WORDS_IDENTIFY_BASE,wolf_base_family,authentic_target,,more than one wolf,reviewed_source,c4f5d42366848f9c531a44e56edb12080f5c41ec42403ca1e52b29564f816924,df5ff9cadf719593da9fb0c012c65f14d946faef472d59ace8fd6c59a8844600,Katie Sanderson,2026-07-24T15:53:22+01:00
word_en_gb,word,D4_MOR_BASE_WORDS_IDENTIFY_BASE,word_base_family,base,,a single unit of language with a meaning,reviewed_source,9a9ffd61e874b54def50e5787fbdc27cb11cbd11610859d7dbf028cca5e8b20a,df5ff9cadf719593da9fb0c012c65f14d946faef472d59ace8fd6c59a8844600,Katie Sanderson,2026-07-24T15:53:22+01:00
words_en_gb,words,D4_MOR_BASE_WORDS_IDENTIFY_BASE,word_base_family,authentic_target,,more than one word,reviewed_source,0c6701297cf40e6a55418144e7539b41c9ef5075b378cc853b44a5ef110de616,df5ff9cadf719593da9fb0c012c65f14d946faef472d59ace8fd6c59a8844600,Katie Sanderson,2026-07-24T15:53:22+01:00
work_en_gb,work,D4_MOR_BASE_WORDS_IDENTIFY_BASE,work_base_family,base,,to do a job or task,reviewed_source,0f7055284b610b1dc488cbd9e70bd3c6d015d93f7dd0cea13643d5de184037f3,df5ff9cadf719593da9fb0c012c65f14d946faef472d59ace8fd6c59a8844600,Katie Sanderson,2026-07-24T15:53:22+01:00
worker_en_gb,worker,D4_MOR_BASE_WORDS_IDENTIFY_BASE,work_base_family,authentic_target,,a person who works,reviewed_override,9bf73d719a8e92a01c36c30ec2978419c28a00d8246e1503a5a12c3fe50b27db,df5ff9cadf719593da9fb0c012c65f14d946faef472d59ace8fd6c59a8844600,Katie Sanderson,2026-07-24T15:53:22+01:00
rewrite_en_gb,rewrite,D4_MOR_BASE_WORDS_IDENTIFY_BASE,write_base_family,authentic_target,,to write something again,reviewed_override,963379f6212a0c8808d4c527b74511cc858a14953ee433a20903dcd0ba012540,df5ff9cadf719593da9fb0c012c65f14d946faef472d59ace8fd6c59a8844600,Katie Sanderson,2026-07-24T15:53:22+01:00
write_en_gb,write,D4_MOR_BASE_WORDS_IDENTIFY_BASE,write_base_family,base,,to make letters or words,reviewed_source,aad8ca06cab589c51fc5051e93c4bfb11063dd460fb2efdd7c645be7cff242a8,df5ff9cadf719593da9fb0c012c65f14d946faef472d59ace8fd6c59a8844600,Katie Sanderson,2026-07-24T15:53:22+01:00
writer_en_gb,writer,D4_MOR_BASE_WORDS_IDENTIFY_BASE,write_base_family,authentic_target,,a person who writes,reviewed_override,de16714b248669874c550b610e1a30735769464585732ce3f6575c123e67ff61,df5ff9cadf719593da9fb0c012c65f14d946faef472d59ace8fd6c59a8844600,Katie Sanderson,2026-07-24T15:53:22+01:00
writing_en_gb,writing,D4_MOR_BASE_WORDS_IDENTIFY_BASE,write_base_family,transfer,,letters or words that have been written right now,generated_and_reviewed,5e4dec225a599615565a5d85340ba0aef18299e6172ebeabcd863fd4ba8078a9,df5ff9cadf719593da9fb0c012c65f14d946faef472d59ace8fd6c59a8844600,Katie Sanderson,2026-07-24T15:53:22+01:00
govern_en_gb,govern,D4_MOR_BASE_WORDS_PRESERVE_BASE,govern_base_family,base,,to officially lead and make decisions for a country or area,reviewed_source,917177c3132f318a613eebcc32826718d3b36b6a8dfe0ffafcb3618932a883ef,df5ff9cadf719593da9fb0c012c65f14d946faef472d59ace8fd6c59a8844600,Katie Sanderson,2026-07-24T15:53:22+01:00
governor_en_gb,governor,D4_MOR_BASE_WORDS_PRESERVE_BASE,govern_base_family,transfer,,a person who governs a region or organisation,reviewed_override,577e3c7782fce308452b28733b3660790d3965c0fe918bf61b95d2df9b63848d,df5ff9cadf719593da9fb0c012c65f14d946faef472d59ace8fd6c59a8844600,Katie Sanderson,2026-07-24T15:53:22+01:00
government_en_gb,government,D4_MOR_BASE_WORDS_PRESERVE_BASE,govern_base_family,authentic_target,,the people who govern a country or area,reviewed_override,abd852741606de3cccae3da4e8171fd9d37e8ee05437ce926f2c8bb0721d949e,df5ff9cadf719593da9fb0c012c65f14d946faef472d59ace8fd6c59a8844600,Katie Sanderson,2026-07-24T15:53:22+01:00
